"Nome Completo";"Nome Urna";"Cargo";"Número";"Partido";"Coligação";"Situação";"Situação Pós-Pleito"
"ADEMIR RODRIGUES PEREIRA";"ADEMIR PEREIRA";"Vereador";14500;"PTB";"PTB";"Deferido";"Concorrendo"
"ADILSON GOMES DA SILVA";"ADILSON DO TAXI";"Vereador";11011;"PP";"PP";"Deferido";"Concorrendo"
"ADNAN APARECIDO DE SOUZA";"ADNAN BAAHDRA";"Vereador";65999;"PC do B";"PC do B";"Deferido";"Concorrendo"
"ADRIANA NOGUEIRA DO PRADO";"ADRIANA PRADO";"Vereador";55580;"PSD";"PSD";"Deferido";"Concorrendo"
"ADRIANA CARDOSO RIBEIRO";"ADRIANA RIBEIRO";"Vereador";36007;"PTC";"PTC";"Indeferido";"Concorrendo"
"ADRIANE ALVES DE SOUZA";"ADRIANE ALVES";"Vereador";23011;"CIDADANIA";"CIDADANIA";"Deferido";"Concorrendo"
"ADRIANO RIBEIRO FILHO";"ADRIANO DO BAR";"Vereador";10333;"REPUBLICANOS";"REPUBLICANOS";"Deferido";"Concorrendo"
"ADRIANO VANILDO NOVAES";"ADRIANO NOVAES";"Vereador";15600;"MDB";"MDB";"Deferido";"Concorrendo"
"AÉCIO FERREIRA DA SILVA";"AÉCIO SAÚDE";"Vereador";10111;"REPUBLICANOS";"REPUBLICANOS";"Deferido";"Concorrendo"
"AILCI GONÇALVES ROSA";"AILCY DO DESAFIO JOVEM";"Vereador";22123;"PL";"PL";"Deferido";"Concorrendo"
"ALADIN MARCIANO SOBRINHO";"ALADIM";"Vereador";70700;"AVANTE";"AVANTE";"Deferido";"Concorrendo"
"ALBERTINA DE SOUZA PENNA";"ALBERTINA PENNA";"Vereador";13310;"PT";"PT";"Deferido";"Concorrendo"
"BENEDITO ALVES DE FARIA";"ALEMÃO DA LESTE";"Vereador";28232;"PRTB";"PRTB";"Deferido";"Concorrendo"
"JOSE ANTÔNIO DE OLIVEIRA";"ALEMÃO DA PANELA";"Vereador";10221;"REPUBLICANOS";"REPUBLICANOS";"Deferido";"Concorrendo"
"ROBERTO ALENCAR DE PAIVA";"ALENCAR PAIVA";"Vereador";17064;"PSL";"PSL";"Deferido";"Concorrendo"
"ALESSANDRA LEMOS PINTO";"ALESSANDRA LEMOS";"Vereador";17369;"PSL";"PSL";"Deferido";"Concorrendo"
"ALESSANDRA DE PAIVA LIMA";"ALESSANDRA LIMA";"Vereador";16100;"PSTU";"PSTU";"Deferido";"Concorrendo"
"ALESSANDRO CESAR ALVES";"ALESSANDRO PADEIRO";"Vereador";10234;"REPUBLICANOS";"REPUBLICANOS";"Deferido";"Concorrendo"
"ALEXANDRA BALBINO DA SILVA";"ALEXANDRA BALBINO";"Vereador";70051;"AVANTE";"AVANTE";"Deferido";"Concorrendo"
"ALEXANDRA GODOI GUILHERME";"ALEXANDRA GODOI";"Vereador";17111;"PSL";"PSL";"Renúncia";"Concorrendo"
"ALEXANDRA NOGUEIRA DE OLIVEIRA";"ALEXANDRA NOGUEIRA DE OLIVEIRA";"Vereador";70850;"AVANTE";"AVANTE";"Deferido";"Concorrendo"
"ALEXANDRE PEREIRA DA SILVA";"ALEXANDRE DA HOMICIDIOS";"Vereador";17121;"PSL";"PSL";"Deferido";"Concorrendo"
"ALEXANDRE DA SILVA LEMES FILHO";"ALEXANDRE DA MANDIOCA";"Vereador";22300;"PL";"PL";"Deferido";"Concorrendo"
"ALEXANDRE ALVES SANTOS VALINS";"ALEXANDRE DO BAIRRO";"Vereador";10555;"REPUBLICANOS";"REPUBLICANOS";"Deferido";"Concorrendo"
"ALEXANDRE LUIZ DA SILVA OLIVEIRA";"ALEXANDRE ITAPUÃ";"Vereador";28999;"PRTB";"PRTB";"Deferido";"Concorrendo"
"ALEXANDRE MAGNO RAFAEL";"ALEXANDRE MAGNO";"Vereador";28009;"PRTB";"PRTB";"Deferido";"Concorrendo"
"ALEX FABIANO MAGALHÃES";"ALEX MAGALHÃES";"Vereador";17300;"PSL";"PSL";"Deferido";"Concorrendo"
"JOSIEL ALEX DE ARAUJO VIANA";"ALEX VIANA";"Vereador";51500;"PATRIOTA";"PATRIOTA";"Deferido";"Concorrendo"
"LUIZ ALFREDO MACHADO";"ALFREDINHO MOTOBOY";"Vereador";25456;"DEM";"DEM";"Deferido";"Concorrendo"
"ALINE MOREIRA BUSTAMANTE";"ALINE BUSTAMANTE";"Vereador";17444;"PSL";"PSL";"Deferido";"Concorrendo"
"AMADEU RODRIGO ALVES RAMOS";"AMADEU";"Vereador";20149;"PSC";"PSC";"Deferido";"Concorrendo"
"MARIA AMELIA DOS SANTOS";"AMELIA";"Vereador";77400;"SOLIDARIEDADE";"SOLIDARIEDADE";"Renúncia";"Concorrendo"
"AMÉLIA NAOMI OMURA";"AMÉLIA NAOMI";"Vereador";13500;"PT";"PT";"Deferido";"Concorrendo"
"CLÓVIS JOSÉ RIBEIRO";"AMIGO CLÓVIS";"Vereador";22333;"PL";"PL";"Deferido";"Concorrendo"
"ANA CLAUDIA DIAS";"ANA CLAUDIA";"Vereador";77277;"SOLIDARIEDADE";"SOLIDARIEDADE";"Indeferido com recurso";"Concorrendo"
"ANA LUIZA DOS SANTOS SALES";"ANA LUIZA DO FORRÓ";"Vereador";23400;"CIDADANIA";"CIDADANIA";"Deferido";"Concorrendo"
"ANA MARIA FERREIRA";"ANA MARIA CORRETORA";"Vereador";18028;"REDE";"REDE";"Indeferido com recurso";"Concorrendo"
"ANA PAULA DA SILVA LIMA OLIVEIRA";"ANA PAULA";"Vereador";65444;"PC do B";"PC do B";"Deferido";"Concorrendo"
"ANA PAULA ALVES DE OLIVEIRA PAIVA";"ANA PAULA PAIVA";"Vereador";51017;"PATRIOTA";"PATRIOTA";"Deferido";"Concorrendo"
"ANA PAULA MOREIRA";"ANA PAULA VAMOS JUNTAS ";"Vereador";50180;"PSOL";"PSOL";"Deferido";"Concorrendo"
"ANA MARIA DE SOUZA RAMOS";"ANA RAMOS";"Vereador";10021;"REPUBLICANOS";"REPUBLICANOS";"Deferido";"Concorrendo"
"ANDERSON DE MARTINO";"ANDERSON ALEMÃO";"Vereador";77000;"SOLIDARIEDADE";"SOLIDARIEDADE";"Deferido";"Concorrendo"
"ANDERSON BATISTA DA SILVA";"ANDERSON DA LIGA UNIÃO";"Vereador";25700;"DEM";"DEM";"Deferido";"Concorrendo"
"ANDERSON MARCELINO DA ROSA";"ANDERSON MARCELINO";"Vereador";23300;"CIDADANIA";"CIDADANIA";"Deferido";"Concorrendo"
"ANDERSON MARINHO DOS SANTOS";"ANDERSON MARINHO";"Vereador";55500;"PSD";"PSD";"Deferido";"Concorrendo"
"ANDRÉA DE BARROS GALVÃO";"ANDRÉA GALVÃO";"Vereador";45555;"PSDB";"PSDB";"Deferido";"Concorrendo"
"ANDREA DE SOUZA SANTOS";"ANDREA SANTOS";"Vereador";55180;"PSD";"PSD";"Deferido";"Concorrendo"
"ANDRÉ LUIZ DA SILVA CABRAL";"ANDRÉ CABRAL";"Vereador";10500;"REPUBLICANOS";"REPUBLICANOS";"Deferido";"Concorrendo"
"ANDRE FERNANDES";"ANDRÉ FERNANDES";"Vereador";51100;"PATRIOTA";"PATRIOTA";"Deferido";"Concorrendo"
"MARIA ANGÉLICA GOMES";"ANGÉLICA GOMES";"Vereador";22344;"PL";"PL";"Deferido";"Concorrendo"
"ANA ELZA DE LIMA SANTOS";"ANINHA COMUNIDADE";"Vereador";36266;"PTC";"PTC";"Deferido";"Concorrendo"
"ANE ROSE AIRES CARLOS";"ANNE ROSE";"Vereador";19727;"PODE";"PODE";"Deferido";"Concorrendo"
"ANTONIO CARLOS DA MOTTA";"ANTONIO MOTTA";"Vereador";30030;"NOVO";"NOVO";"Deferido";"Concorrendo"
"ANTONIO RIZZO NETO";"ANTONIO RIZZO";"Vereador";15655;"MDB";"MDB";"Deferido";"Concorrendo"
"ANTONIO WILSON GOMES DA SILVA";"ANTONIO WILSON TOTÓ";"Vereador";13800;"PT";"PT";"Deferido com recurso";"Concorrendo"
"ARTHUR VIEIRA JUSTINO SORIANO";"ARTHUR SORIANO";"Vereador";19515;"PODE";"PODE";"Deferido";"Concorrendo"
"JOSÉ AUREO DE FARIA";"AURINHO DA ZONA SUL";"Vereador";17316;"PSL";"PSL";"Deferido";"Concorrendo"
"JOAQUIM ALOISIO PEDROSA";"BAIXINHO ARANHA";"Vereador";36151;"PTC";"PTC";"Deferido";"Concorrendo"
"ALEXANDRE BAULÉ";"BAULÉ";"Vereador";30007;"NOVO";"NOVO";"Deferido";"Concorrendo"
"GUTENBERG SOUZA DE OLIVEIRA";"BEGA BERFARES";"Vereador";36972;"PTC";"PTC";"Deferido";"Concorrendo"
"FRANCISCO BENTO PEREIRA";"BENTO PEREIRA";"Vereador";25100;"DEM";"DEM";"Deferido";"Concorrendo"
"ELISABETH APARECIDA MONTEZANO";"BETH MONTEZANO";"Vereador";17900;"PSL";"PSL";"Deferido";"Concorrendo"
"ALBERTO JOSE DE MOURA";"BETO AUTO MECANICA";"Vereador";65290;"PC do B";"PC do B";"Deferido";"Concorrendo"
"BEATRIZ GOMES CORNACHIN";"BIA DA BANCADA DO POVO";"Vereador";50030;"PSOL";"PSOL";"Deferido";"Concorrendo"
"BEATRIZ GALVÃO NOGUEIRA";"BIA GALVÃO CAND COLETIVA";"Vereador";13113;"PT";"PT";"Deferido";"Concorrendo"
"BIANCA DE MESQUITA SAMPAIO MISASI";"BIANCA SAMPAIO";"Vereador";30000;"NOVO";"NOVO";"Deferido";"Concorrendo"
"SEVERINO JOSÉ DA SILVA";"BILL DA PADARIA";"Vereador";22321;"PL";"PL";"Deferido";"Concorrendo"
"LÁZARO TOMÁZ DE AQUINO";"BISPO LÁZARO THOMAZ";"Vereador";10561;"REPUBLICANOS";"REPUBLICANOS";"Deferido";"Concorrendo"
"JOSÉ ROBERTO BATISTA";"BOMBEIRO SELVA";"Vereador";16500;"PSTU";"PSTU";"Deferido";"Concorrendo"
"NILTON BONAFE JUNIOR";"BONAFÉ";"Vereador";51700;"PATRIOTA";"PATRIOTA";"Deferido";"Concorrendo"
"GERALDO GARCIA JUNIOR";"BRANCO DA GERALDO FERRAMENTAS";"Vereador";19400;"PODE";"PODE";"Deferido";"Concorrendo"
"ELIOMAR DA SILVA BRITO";"BRITO";"Vereador";20341;"PSC";"PSC";"Deferido";"Concorrendo"
"BRUNO WALLACE VIEIRA OLIVEIRA";"BRUNO WALLACE";"Vereador";30111;"NOVO";"NOVO";"Deferido";"Concorrendo"
"LUCIANA DAS NEVES";"CABO LUCIANA";"Vereador";22190;"PL";"PL";"Deferido";"Concorrendo"
"DANIEL CABRAL";"CABRAL DO BUTECO DO CABRAL";"Vereador";11221;"PP";"PP";"Deferido";"Concorrendo"
"CACILDA DA COSTA MARIANO";"CACILDA MARIANO";"Vereador";15567;"MDB";"MDB";"Deferido";"Concorrendo"
"ANTONIO CARLOS PEDRO";"CANHE";"Vereador";19020;"PODE";"PODE";"Deferido";"Concorrendo"
"CARLA GOMES DA SILVA";"CARLA";"Vereador";70325;"AVANTE";"AVANTE";"Deferido";"Concorrendo"
"JOSÉ CARLOS DOS SANTOS";"CARLINHOS DA PÉGASUS";"Vereador";14156;"PTB";"PTB";"Deferido";"Concorrendo"
"CARLOS SATTELMAYER NETO";"CARLINHOS SATTELMAYER";"Vereador";14443;"PTB";"PTB";"Deferido";"Concorrendo"
"CARLOS ALBERTO FERNANDES PINTO";"CARLINHOS TIACA";"Vereador";13123;"PT";"PT";"Deferido";"Concorrendo"
"CARLOS JOSÉ ALBUQUERQUE DA SILVA";"CARLOS ALBUQUERQUE";"Vereador";28288;"PRTB";"PRTB";"Deferido";"Concorrendo"
"CARLOS ARISTIDES BENEDITO SENDRETO";"CARLOS SENDRETO";"Vereador";22380;"PL";"PL";"Deferido";"Concorrendo"
"CARMEN BENEDITA DE JESUS";"CARMEN DO REPÚBLICA";"Vereador";22600;"PL";"PL";"Deferido";"Concorrendo"
"EDSON RODRIGUES MIRANDA";"CARTEIRO DA NORTE";"Vereador";65046;"PC do B";"PC do B";"Deferido";"Concorrendo"
"CATIA SIMONE SILVA FONSECA CABRERA SANTURION";"CATIA SANTURION";"Vereador";25254;"DEM";"DEM";"Deferido";"Concorrendo"
"FERNANDO XAVIER DOS SANTOS";"CEARÁ DO CINTO";"Vereador";77007;"SOLIDARIEDADE";"SOLIDARIEDADE";"Deferido";"Concorrendo"
"MARIO CELIO DE OLIVEIRA";"CELHÃO DO INTERLAGOS";"Vereador";23551;"CIDADANIA";"CIDADANIA";"Deferido";"Concorrendo"
"CESAR AUGUSTO DE OLIVEIRA";"CESAR PIOLHO";"Vereador";19700;"PODE";"PODE";"Deferido";"Concorrendo"
"JULIO CÉSAR DE ARAÚJO";"CEZINHA OH GLÓRIA";"Vereador";15033;"MDB";"MDB";"Deferido";"Concorrendo"
"CHARLES EMERENCIANO SANT'ANA";"CHARLÃO";"Vereador";11900;"PP";"PP";"Deferido";"Concorrendo"
"FRANCISCO DE LIRA PARENTE";"CHICO LIRA";"Vereador";10030;"REPUBLICANOS";"REPUBLICANOS";"Deferido";"Concorrendo"
"CRISTHOFER AUGUSTO RAMOS DA SILVA";"CHRIS DO FUTEBOL";"Vereador";55101;"PSD";"PSD";"Deferido";"Concorrendo"
"CÍCERO PEREIRA DA SILVA";"CÍCERO BONTEMPO";"Vereador";11100;"PP";"PP";"Deferido";"Concorrendo"
"FLAVIO ALVES MOREIRA";"CICICO MOTOBOY";"Vereador";70280;"AVANTE";"AVANTE";"Deferido";"Concorrendo"
"APARECIDA TERESINHA DE OLIVEIRA";"CIDINHA";"Vereador";36610;"PTC";"PTC";"Deferido";"Concorrendo"
"CINTHYA CAMPOS RIBEIRO REIS";"CINTHYA  MÃE DO RAFA";"Vereador";70800;"AVANTE";"AVANTE";"Deferido";"Concorrendo"
"CLAUDIA REGINA FERNANDES FARIA";"CLAUDIA ARQUITETA";"Vereador";10150;"REPUBLICANOS";"REPUBLICANOS";"Deferido";"Concorrendo"
"CLAUDIO ALEXANDRE";"CLAUDINHO GORDINHO";"Vereador";28010;"PRTB";"PRTB";"Deferido";"Concorrendo"
"CLAYTON RICARDO";"CLAYTON FERRARI";"Vereador";17156;"PSL";"PSL";"Deferido";"Concorrendo"
"CLEIDE APARECIDA DOS SANTOS";"CLEIDE DO POVO";"Vereador";23333;"CIDADANIA";"CIDADANIA";"Deferido";"Concorrendo"
"CLEUZA PEREIRA AFFONSO";"CLEUZA PEREIRA";"Vereador";77177;"SOLIDARIEDADE";"SOLIDARIEDADE";"Deferido";"Concorrendo"
"CARLOS ROBERTO CLÍMACO";"CLÍMACO";"Vereador";14222;"PTB";"PTB";"Deferido";"Concorrendo"
"GILMAR BARBOSA NUNES";"CORONEL GILMAR DA ABREED";"Vereador";55111;"PSD";"PSD";"Deferido";"Concorrendo"
"SADI FERNANDO STAMBOROWSKI";"CORONEL SADI";"Vereador";15190;"MDB";"MDB";"Deferido";"Concorrendo"
"CRISTIANE APARECIDA CLAUDINO LOBO";"CRIS DA GUARDA";"Vereador";45153;"PSDB";"PSDB";"Deferido";"Concorrendo"
"CRISTIANE PEREIRA HYDE";"CRIS HYDE";"Vereador";55777;"PSD";"PSD";"Deferido";"Concorrendo"
"CRISTIANO ALVES DOS SANTOS";"CRISTIANO ALVES";"Vereador";28666;"PRTB";"PRTB";"Deferido";"Concorrendo"
"CYBELLE DE LOURDES BERNARDINO CHAVES SILVA";"CYBELLE CHAVES";"Vereador";30123;"NOVO";"NOVO";"Deferido";"Concorrendo"
"ROGÉRIO CYBORG DA MATTA CASTRO";"CYBORG";"Vereador";23123;"CIDADANIA";"CIDADANIA";"Deferido";"Concorrendo"
"DAHLCINAM DA SILVA BRITTO";"DAHLCINAM";"Vereador";17222;"PSL";"PSL";"Deferido";"Concorrendo"
"DAIRTON MONTEIRO";"DAIRTON CARTEIRO";"Vereador";36400;"PTC";"PTC";"Deferido";"Concorrendo"
"DANIELA DE FATIMA ALMEIDA";"DANIELA BARRETO";"Vereador";13600;"PT";"PT";"Deferido";"Concorrendo"
"DANIELLE PAULA NUNES ALVES";"DANIELLE DE PAULA";"Vereador";51456;"PATRIOTA";"PATRIOTA";"Indeferido";"Concorrendo"
"DANIEL BRAGA SHOJI";"DANIEL SHOJI CHINA";"Vereador";15123;"MDB";"MDB";"Deferido";"Concorrendo"
"DANILO BELARMINO FELTRAN";"DANILO FELTRAN";"Vereador";11234;"PP";"PP";"Deferido";"Concorrendo"
"DÁRCIO AGUILAR VIEIRA ALVES";"DÁRCIO AGUILAR";"Vereador";15555;"MDB";"MDB";"Deferido";"Concorrendo"
"DAVID FABIANO RIBEIRO";"DAVID";"Vereador";77111;"SOLIDARIEDADE";"SOLIDARIEDADE";"Deferido";"Concorrendo"
"DAVID CARLOS BANDEIRA";"DAVID BANDEIRA";"Vereador";17700;"PSL";"PSL";"Deferido";"Concorrendo"
"DAVID CARLOS DE JESUS";"DAVID JESUS";"Vereador";25234;"DEM";"DEM";"Deferido";"Concorrendo"
"DAVID GARCIA DE MELO";"DAVID PIZZALANDIA";"Vereador";11555;"PP";"PP";"Deferido";"Concorrendo"
"DAVID CRISTIAN REIS";"DAVI REIS";"Vereador";17017;"PSL";"PSL";"Deferido";"Concorrendo"
"DEBORA CRISTINA MOTTA OLIVEIRA";"DEBORAH MOTTA PROTETORA";"Vereador";11156;"PP";"PP";"Deferido";"Concorrendo"
"DEISE APARECIDA FERNANDES";"DEISE FERNANDES";"Vereador";51300;"PATRIOTA";"PATRIOTA";"Deferido";"Concorrendo"
"DEMIAN VINNICIUS STROSE GUIDINI";"DEMIAN DA BY BRO";"Vereador";25678;"DEM";"DEM";"Deferido";"Concorrendo"
"DENILSON PEREIRA DOMINGOS";"DENILSON DOMINGOS";"Vereador";55300;"PSD";"PSD";"Deferido";"Concorrendo"
"DENIS PEREIRA DE OLIVEIRA";"DENIS CABEÇÃO";"Vereador";14093;"PTB";"PTB";"Deferido";"Concorrendo"
"LUIZ DIEGO DE OLIVEIRA LICURCI";"DIEGO LICURCI";"Vereador";51001;"PATRIOTA";"PATRIOTA";"Renúncia";"Concorrendo"
"DILERMANDO DIÉ ANTÔNIO DE ALVARENGA";"DILERMANDO DIÉ DE ALVARENGA";"Vereador";45678;"PSDB";"PSDB";"Deferido";"Concorrendo"
"DILSON FERNANDES CARDOSO";"DILSON CARDOSO";"Vereador";22200;"PL";"PL";"Deferido";"Concorrendo"
"JOSÉ BENEDITO DE OLIVEIRA";"DITINHO DO ESCAPAMENTO";"Vereador";77077;"SOLIDARIEDADE";"SOLIDARIEDADE";"Deferido";"Concorrendo"
"BENEDITO APARECIDO COSTA";"DITINHO GAIZEIRO";"Vereador";23124;"CIDADANIA";"CIDADANIA";"Deferido";"Concorrendo"
"JEFFERSON ARAUJO DE SOUZA";"DJ JEFFERSON ARAUJO";"Vereador";51123;"PATRIOTA";"PATRIOTA";"Deferido";"Concorrendo"
"MARIA DAS GRAÇAS DA SILVA";"DONA GRAÇA";"Vereador";23345;"CIDADANIA";"CIDADANIA";"Deferido";"Concorrendo"
"DONIZETTI BUENO DE SOUZA";"DONIZETTI BUENO";"Vereador";55600;"PSD";"PSD";"Deferido";"Concorrendo"
"JOSE DOUGLAS DA SILVA FERREIRA";"DOUGLAS FERREIRA";"Vereador";19231;"PODE";"PODE";"Indeferido com recurso";"Concorrendo"
"DOUGLAS GOMES PORTO DOS SANTOS";"DOUGLAS PORTO";"Vereador";19000;"PODE";"PODE";"Deferido";"Concorrendo"
"DOUGLAS ALVES DE MOURA";"DOUGLAS REBOLEICHO";"Vereador";65651;"PC do B";"PC do B";"Deferido";"Concorrendo"
"JUSSELI BRAZ DA SILVA";"DOUGLAS SEGURANÇA";"Vereador";45667;"PSDB";"PSDB";"Deferido";"Concorrendo"
"ANE ROSE AIRE CARLOS";"DOUTORA ANE";"Vereador";36727;"PTC";"PTC";"Indeferido";"Concorrendo"
"ANDREA BETTIATI";"DRA ANDREA";"Vereador";15008;"MDB";"MDB";"Deferido";"Concorrendo"
"ROCIO MARTINEZ GONZALEZ";"DRA CURY ROCIO";"Vereador";40500;"PSB";"PSB";"Deferido";"Concorrendo"
"ELTON ALVES RIBEIRO DE CARVALHO JUNIOR";"DR ELTON";"Vereador";15192;"MDB";"MDB";"Deferido";"Concorrendo"
"EVANDRO DA SILVA ZACARIAS";"DR EVANDRO ZACARIAS";"Vereador";45645;"PSDB";"PSDB";"Deferido";"Concorrendo"
"JOSÉ CLAUDIO MANCILHA DE FARIA BARBOSA";"DR JOSÉ CLAUDIO";"Vereador";45345;"PSDB";"PSDB";"Deferido";"Concorrendo"
"ROBERTO KENJI ISHII";"DR KENJI";"Vereador";23007;"CIDADANIA";"CIDADANIA";"Deferido";"Concorrendo"
"LUIZ ANTONIO ANGELO DA SILVA";"DR. LUIZ ANTONIO";"Vereador";11012;"PP";"PP";"Deferido";"Concorrendo"
"PAM WEN LUNG";"DR PAM";"Vereador";22888;"PL";"PL";"Deferido";"Concorrendo"
"RODRIGO DE MORAES CANELAS";"DR. RODRIGO CANELAS";"Vereador";14567;"PTB";"PTB";"Deferido";"Concorrendo"
"EDUARDO SIVINSKI";"DUDU SIVINSKI";"Vereador";70000;"AVANTE";"AVANTE";"Deferido";"Concorrendo"
"DULCE RITA CHAVES DE ANDRADE DABKIWICZ";"DULCE RITA";"Vereador";45400;"PSDB";"PSDB";"Deferido";"Concorrendo"
"EDBAL GOMES CASTRO";"EDBAL DO ARCOM";"Vereador";17025;"PSL";"PSL";"Deferido";"Concorrendo"
"EDEN CARLOS DE JESUS";"EDEN CARLOS";"Vereador";23789;"CIDADANIA";"CIDADANIA";"Deferido";"Concorrendo"
"EDEN PRATA";"EDEN PRATA";"Vereador";13900;"PT";"PT";"Deferido";"Concorrendo"
"EDISON BARBOSA DA SILVA";"EDISON PYTBULL";"Vereador";19123;"PODE";"PODE";"Deferido";"Concorrendo"
"EDIVALDO FERREIRA SANTOS";"EDIVALDO MARROM";"Vereador";20081;"PSC";"PSC";"Deferido";"Concorrendo"
"EDSON IVAIR CARBONE";"EDSON CARBONE";"Vereador";77001;"SOLIDARIEDADE";"SOLIDARIEDADE";"Deferido";"Concorrendo"
"EDSON JOSE DA SILVA";"EDSON COCADA";"Vereador";65001;"PC do B";"PC do B";"Deferido";"Concorrendo"
"EDSON BATISTA SOBRINHO";"EDSON DOS ABACAXIS";"Vereador";13433;"PT";"PT";"Deferido";"Concorrendo"
"EDISON PEREIRA FARIA";"EDSON FARIA";"Vereador";11123;"PP";"PP";"Deferido";"Concorrendo"
"EDSON NUNES LISBOA";"EDSON LISBOA";"Vereador";18123;"REDE";"REDE";"Indeferido com recurso";"Concorrendo"
"EDSON WAGNER MENDONÇA MONTEIRO";"EDSON MONTEIRO";"Vereador";77737;"SOLIDARIEDADE";"SOLIDARIEDADE";"Indeferido";"Concorrendo"
"LUIZ EDUARDO PEREIRA";"EDUARDO DO YOGA";"Vereador";13108;"PT";"PT";"Deferido";"Concorrendo"
"EDUARDO GUEDES DA CUNHA";"EDUARDO GUEDES";"Vereador";28231;"PRTB";"PRTB";"Deferido";"Concorrendo"
"EDUARDO DE OLIVEIRA SILVA CARNEIRO";"EDUARDO METALURGICO";"Vereador";65000;"PC do B";"PC do B";"Deferido";"Concorrendo"
"EDUARDO DOS SANTOS";"EDU RESGATANDO SÃO JOSÉ";"Vereador";15156;"MDB";"MDB";"Deferido";"Concorrendo"
"JOSÉ EDVAR SIMÕES JUNIOR";"EDVAR SIMÕES";"Vereador";17000;"PSL";"PSL";"Deferido";"Concorrendo"
"ELAINE LOPES DA SILVA";"ELAINE DO BANHADO";"Vereador";13012;"PT";"PT";"Deferido";"Concorrendo"
"ELANE FERREIRA RIBEIRO DE SOUZA";"ELANE DIRETORA";"Vereador";70555;"AVANTE";"AVANTE";"Deferido";"Concorrendo"
"ELEANDRO RICARDO DA SILVA";"ELEANDRO";"Vereador";45010;"PSDB";"PSDB";"Deferido";"Concorrendo"
"ELENA KIMIE TATEISHI";"ELENA TATEISHI";"Vereador";45156;"PSDB";"PSDB";"Deferido";"Concorrendo"
"ELIAS DOS SANTOS ALMEIDA";"ELIAS TATU DO GRANJÃO E SITIÃO";"Vereador";28333;"PRTB";"PRTB";"Deferido";"Concorrendo"
"ELISETE SANTANA RODRIGUES";"ELISETE DO BRECHÓ";"Vereador";51007;"PATRIOTA";"PATRIOTA";"Deferido";"Concorrendo"
"ELSON EDUARDO DE SOUZA";"ELSÃO";"Vereador";14400;"PTB";"PTB";"Deferido";"Concorrendo"
"EMANOEL AURELIANO DE SOUSA";"EMANOEL";"Vereador";55321;"PSD";"PSD";"Deferido";"Concorrendo"
"EMERSON JOSÉ REIS BOCCARDO";"EMERSON KABEÇA";"Vereador";28027;"PRTB";"PRTB";"Deferido";"Concorrendo"
"EMERSON GONÇALVES DOS SANTOS";"EMERSON SANTOS";"Vereador";51900;"PATRIOTA";"PATRIOTA";"Deferido";"Concorrendo"
"LUCINÊS CABRAL DA ROCHA";"ENFERMEIRA LUCINÊS";"Vereador";51888;"PATRIOTA";"PATRIOTA";"Deferido";"Concorrendo"
"ADRIANO TANNOUS SAAB";"ENG ADRIANO SAAB";"Vereador";51444;"PATRIOTA";"PATRIOTA";"Deferido";"Concorrendo"
"FRANCISCO RAMOS DA SILVA FILHO";"ENGENHEIRO FRANCISCO RAMOS";"Vereador";19033;"PODE";"PODE";"Deferido";"Concorrendo"
"ENSO ROBERTO GURATTI MORAIS";"ENSO GURATTI";"Vereador";23221;"CIDADANIA";"CIDADANIA";"Deferido";"Concorrendo"
"ERLANI APARECIDA ROSA";"ERLANI BOMBOM";"Vereador";22367;"PL";"PL";"Deferido";"Concorrendo"
"ERNANE SANTOS LOYOLA";"ERNANE DA PADARIA";"Vereador";23000;"CIDADANIA";"CIDADANIA";"Deferido";"Concorrendo"
"ESDRAS ANDRADE DE ARAUJO";"ESDRAS PROTETOR";"Vereador";19019;"PODE";"PODE";"Deferido";"Concorrendo"
"EUNICE FERRAZ DA SILVA MILERIO";"EUNICE FERRAZ";"Vereador";65100;"PC do B";"PC do B";"Deferido";"Concorrendo"
"EUNICE APARECIDA PAULINO LEITE";"EUNICE LEITE";"Vereador";10100;"REPUBLICANOS";"REPUBLICANOS";"Deferido";"Concorrendo"
"FABIO LUCIO FAINI";"FABAO";"Vereador";23456;"CIDADANIA";"CIDADANIA";"Deferido";"Concorrendo"
"FABIANA ISABEL SILVA";"FABIANA SILVA";"Vereador";15122;"MDB";"MDB";"Deferido";"Concorrendo"
"FABIO LEANDRO RAMOS";"FABIÃO ZAGUEIRO";"Vereador";77699;"SOLIDARIEDADE";"SOLIDARIEDADE";"Deferido";"Concorrendo"
"FABIO APARECIDO DE MORAIS";"FABINHO DO AÇAÍ";"Vereador";51555;"PATRIOTA";"PATRIOTA";"Deferido";"Concorrendo"
"FABIO LEANDRO DA SILVA";"FABINHO SÃO JOSÉ";"Vereador";17190;"PSL";"PSL";"Deferido";"Concorrendo"
"FABIO FRANCISCO DIAS";"FABIO DO CASTANHEIRAS";"Vereador";14555;"PTB";"PTB";"Deferido";"Concorrendo"
"FABIANE CRISTINA XISTO";"FABI XISTO";"Vereador";77333;"SOLIDARIEDADE";"SOLIDARIEDADE";"Deferido";"Concorrendo"
"FABRICIO MAXIMO DE SOUSA";"FABRICIO MAXIMO";"Vereador";20200;"PSC";"PSC";"Deferido";"Concorrendo"
"MARIA DE FÁTIMA FERREIRA DE MENEZES MELO";"FÁTIMA MENEZES";"Vereador";11440;"PP";"PP";"Deferido";"Concorrendo"
"MARIA DE FÁTIMA DA SILVA";"FATINHA";"Vereador";25015;"DEM";"DEM";"Deferido";"Concorrendo"
"ADRIANO JOSÉ DA SILVA";"FAUSTÃO DO MERCADINHO";"Vereador";15010;"MDB";"MDB";"Deferido";"Concorrendo"
"CARLOS ALBERTO FÁVARO";"FÁVARO";"Vereador";17500;"PSL";"PSL";"Deferido";"Concorrendo"
"FELIPE MONTEIRO CHAVES DE ANDRADE";"FELIPE ANDRADE";"Vereador";36133;"PTC";"PTC";"Indeferido com recurso";"Concorrendo"
"FELIPE ALVES MOREIRA";"FELIPE MOREIRA";"Vereador";20202;"PSC";"PSC";"Deferido";"Concorrendo"
"FERNANDA JACIANA BLUYUS MATIAS DE AGUIAR";"FERNANDA BLUYUS";"Vereador";30333;"NOVO";"NOVO";"Deferido";"Concorrendo"
"LUIZ FERNANDO GOMES DE ANDRADE";"FERNANDO ANDRADE";"Vereador";45444;"PSDB";"PSDB";"Deferido";"Concorrendo"
"JOSE FERREIRA FILHO";"FERREIRA FCEOY";"Vereador";19007;"PODE";"PODE";"Indeferido com recurso";"Concorrendo"
"JOSE FERREIRA DE LIMA";"FERREIRINHA";"Vereador";55555;"PSD";"PSD";"Deferido";"Concorrendo"
"FLÁVIA REGINA MARCONDES";"FLÁVIA REGINA";"Vereador";25208;"DEM";"DEM";"Deferido";"Concorrendo"
"RUBENS FLAVIO DE MORAES";"FLAVIO MOTOBOY";"Vereador";70001;"AVANTE";"AVANTE";"Deferido";"Concorrendo"
"FLORIVALDO ROCHA";"FLORIVALDO ROCHA - NENE";"Vereador";55678;"PSD";"PSD";"Deferido";"Concorrendo"
"FRANCISCO RIBEIRO DA SILVA";"FRANCISCO DO GRUPO RESGATE";"Vereador";22156;"PL";"PL";"Deferido";"Concorrendo"
"FRANCIS ELAINE RANGEL";"FRANCIS RANGEL";"Vereador";20021;"PSC";"PSC";"Deferido";"Concorrendo"
"FRANKLIN MARTINS DE FREITAS";"FRANKLIN MARTINS ";"Vereador";51200;"PATRIOTA";"PATRIOTA";"Deferido";"Concorrendo"
"JOSE DE FREITAS SANTANA";"FREITAS";"Vereador";20888;"PSC";"PSC";"Deferido";"Concorrendo"
"GABRIELA DA SILVA LEITE";"GABI LEITE";"Vereador";10190;"REPUBLICANOS";"REPUBLICANOS";"Deferido";"Concorrendo"
"GABRYELA CHIACCHIO SILVA NASCIMENTO";"GABRYELA CHIACCHIO";"Vereador";70999;"AVANTE";"AVANTE";"Deferido";"Concorrendo"
"MARCIO ALEXANDRE COUTINHO";"GARRINCHA COUTINHO";"Vereador";28033;"PRTB";"PRTB";"Deferido";"Concorrendo"
"ROGERIO HENRIQUE DE SOUSA";"GÉ + COMUNIDADE";"Vereador";14789;"PTB";"PTB";"Deferido";"Concorrendo"
"GERALDO DANIEL DOS SANTOS";"GERALDO DA GN";"Vereador";25600;"DEM";"DEM";"Deferido";"Concorrendo"
"GERALDO BATISTA DA SILVA";"GERALDO PORTEIRO";"Vereador";28280;"PRTB";"PRTB";"Deferido";"Concorrendo"
"GISLAINE MARINA CAPISTRANO DE SOUZA";"GIH MARINA";"Vereador";23500;"CIDADANIA";"CIDADANIA";"Deferido";"Concorrendo"
"GILBERTO DE CAMPOS ENNES";"GILBERTO ENNES";"Vereador";25025;"DEM";"DEM";"Deferido";"Concorrendo"
"GIL GUILHERME FEITOSA DOS SANTOS";"GIL DA MAITA";"Vereador";77900;"SOLIDARIEDADE";"SOLIDARIEDADE";"Deferido";"Concorrendo"
"GILSON RIBEIRO CAMPOS";"GILSON CAMPOS";"Vereador";22500;"PL";"PL";"Deferido";"Concorrendo"
"GILVAN DA SILVA DUARTE";"GILVAN DUARTE O FARMACÊUTICO";"Vereador";20128;"PSC";"PSC";"Deferido";"Concorrendo"
"GISLEINE REGINA PEREIRA SOJA";"GISA SOJA";"Vereador";22733;"PL";"PL";"Deferido";"Concorrendo"
"GLÁUCIA REGINA DE OLIVEIRA";"GLÁUCIA";"Vereador";11013;"PP";"PP";"Deferido";"Concorrendo"
"GLORIA DOS REIS LIMA";"GLORIA REIS";"Vereador";65200;"PC do B";"PC do B";"Deferido";"Concorrendo"
"GLÓRIA APARECIDA DA SILVA";"GLORINHA";"Vereador";11125;"PP";"PP";"Deferido";"Concorrendo"
"ORLANDO SAES JÚNIOR";"GORDO DO CACHORRO QUENTE";"Vereador";11611;"PP";"PP";"Deferido";"Concorrendo"
"ERNESTO GRADELLA NETO";"GRADELLA";"Vereador";16016;"PSTU";"PSTU";"Deferido";"Concorrendo"
"GRAZIELLE PAULA DE FREITAS";"GRAZI";"Vereador";23016;"CIDADANIA";"CIDADANIA";"Deferido";"Concorrendo"
"MÁRCIO ANTÔNIO RODRIGUES";"GREG DA MERCEARIA";"Vereador";25031;"DEM";"DEM";"Deferido";"Concorrendo"
"GUARAÇAI APARECIDO RIBEIRO DA SILVA";"GUARA";"Vereador";70200;"AVANTE";"AVANTE";"Deferido";"Concorrendo"
"GUILHERME ADOLFO SANTOS GOPFERT PINTO ELIAS";"GUILHERME GOPFERT";"Vereador";51333;"PATRIOTA";"PATRIOTA";"Deferido";"Concorrendo"
"JOSEMIR MARIANO FLORENÇO";"GUINHO DO GÁS";"Vereador";17617;"PSL";"PSL";"Deferido";"Concorrendo"
"GUSTAVO MOREIRA DE CARVALHO";"GUSTAVINHO";"Vereador";45002;"PSDB";"PSDB";"Deferido";"Concorrendo"
"GUSTAVO SABOIA OLIVEIRA";"GUSTAVO SABOIA";"Vereador";70212;"AVANTE";"AVANTE";"Deferido";"Concorrendo"
"HEIDI MOURA DOS SANTOS";"HEIDI MOURA";"Vereador";77535;"SOLIDARIEDADE";"SOLIDARIEDADE";"Deferido";"Concorrendo"
"HENRIQUE CÉSAR HOLANDA CAVALCANTE";"HENRIQUE HOLANDA";"Vereador";11777;"PP";"PP";"Renúncia";"Concorrendo"
"HENRIQUE MELO VENEZIANI DIAS";"HENRIQUE VENEZIANI";"Vereador";23111;"CIDADANIA";"CIDADANIA";"Deferido";"Concorrendo"
"HENRIQUE VILELA DE SOUZA";"HENRIQUE VILELA";"Vereador";20038;"PSC";"PSC";"Deferido";"Concorrendo"
"HORÁCIO APARECIDO RIBEIRO DOS SANTOS";"HORÁCIO RIBEIRO";"Vereador";13000;"PT";"PT";"Deferido";"Concorrendo"
"HUDSON CORREA LOPES";"HUDSON LOPES";"Vereador";55141;"PSD";"PSD";"Deferido";"Concorrendo"
"IDALECIO PIAUNIAS MELLO";"IDALECIO";"Vereador";19999;"PODE";"PODE";"Deferido";"Concorrendo"
"CLÉLIO DE ASSIS DA SILVA";"INDIÃO DA POUSADA";"Vereador";10244;"REPUBLICANOS";"REPUBLICANOS";"Deferido";"Concorrendo"
"BENEDITO APARECIDO ALVES";"INDIO DA FUNILARIA";"Vereador";20266;"PSC";"PSC";"Deferido";"Concorrendo"
"INGRID RODRIGUES DE SÁ";"INGRID DE SÁ MUITAS";"Vereador";50123;"PSOL";"PSOL";"Deferido";"Concorrendo"
"GERALDO MARÇAL DA SILVA";"INSPETOR MARÇAL";"Vereador";70123;"AVANTE";"AVANTE";"Deferido";"Concorrendo"
"IRLANE PEREIRA DA SILVA";"IRLANE PEREIRA";"Vereador";70070;"AVANTE";"AVANTE";"Deferido";"Concorrendo"
"MARIA ISABEL MENDES OTA";"ISA OTA";"Vereador";36156;"PTC";"PTC";"Deferido";"Concorrendo"
"IVAN NARCISO";"IVAN NARCISO";"Vereador";51234;"PATRIOTA";"PATRIOTA";"Deferido";"Concorrendo"
"IVETE DA SILVA BATISTA";"IVETE CONSELHEIRA";"Vereador";55123;"PSD";"PSD";"Deferido";"Concorrendo"
"IVO PINHEIRO DE OLIVEIRA";"IVO OLIVEIRA";"Vereador";70100;"AVANTE";"AVANTE";"Deferido";"Concorrendo"
"JAIRO DOS SANTOS";"JAIRO SANTOS";"Vereador";17007;"PSL";"PSL";"Deferido";"Concorrendo"
"JAIR RAMALHO DA SILVA";"JAIR RAMALHO DA AUTO ESCOLA";"Vereador";17123;"PSL";"PSL";"Deferido";"Concorrendo"
"JAIR CAVALCANTE VAZ";"JAIR VAZ";"Vereador";40000;"PSB";"PSB";"Deferido";"Concorrendo"
"JAMILE JAQUELINE APARECIDA DOS SANTOS CAMARGO";"JAMILE CAMARGO";"Vereador";10585;"REPUBLICANOS";"REPUBLICANOS";"Deferido";"Concorrendo"
"JAMILTON EMÍDIO PEREIRA";"JAMILTON";"Vereador";14007;"PTB";"PTB";"Deferido";"Concorrendo"
"JANAINA DOS REIS";"JANAINA DOS REIS";"Vereador";16116;"PSTU";"PSTU";"Deferido";"Concorrendo"
"JANDIRA DA CONCEIÇÃO OLIVEIRA";"JANDIRA OLIVEIRA";"Vereador";11651;"PP";"PP";"Deferido";"Concorrendo"
"JEAN CARLOS DOS SANTOS";"JEAN DOS SANTOS";"Vereador";18000;"REDE";"REDE";"Indeferido com recurso";"Concorrendo"
"JEAN MARCEL VIEIRA";"JEAN MARCEL DA ADVENTISTA";"Vereador";25777;"DEM";"DEM";"Deferido";"Concorrendo"
"JEFTE PAVAM GOMES DE OLIVEIRA";"JEFTE PAVAM";"Vereador";30500;"NOVO";"NOVO";"Deferido";"Concorrendo"
"JERRY DE OLIVEIRA";"JERRY";"Vereador";14300;"PTB";"PTB";"Deferido";"Concorrendo"
"JESUEL APARECIDO DA SILVA";"JESUEL SILVA";"Vereador";14111;"PTB";"PTB";"Deferido";"Concorrendo"
"JESUÉ MOREIRA";"JESUÉ MOREIRA";"Vereador";51222;"PATRIOTA";"PATRIOTA";"Deferido";"Concorrendo"
"JOÃO BATISTA SANTOS";"JOÃO BATISTA";"Vereador";15777;"MDB";"MDB";"Deferido";"Concorrendo"
"JOÃO BATISTA DE SOUZA";"JOÃO BATISTA DE SOUZA";"Vereador";77500;"SOLIDARIEDADE";"SOLIDARIEDADE";"Deferido";"Concorrendo"
"JOAO BATISTA SOARES DE OLIVEIRA";"JOÃO DA MÁQUINA DE LAVAR";"Vereador";65500;"PC do B";"PC do B";"Deferido";"Concorrendo"
"JOÃO BOSCO DOS SANTOS";"JOÃO DO DETRAN";"Vereador";20300;"PSC";"PSC";"Deferido";"Concorrendo"
"JOAO PEDRO GUEDES TEIXEIRA";"JOÃO GUEDES";"Vereador";45605;"PSDB";"PSDB";"Deferido";"Concorrendo"
"JOÃO MÁRIO ANTUNES PEREIRA";"JOÃO MÁRIO";"Vereador";70007;"AVANTE";"AVANTE";"Deferido";"Concorrendo"
"JOÃO PEDRO CORRÊA LIMA";"JOÃO PEDRO LIMA";"Vereador";15000;"MDB";"MDB";"Deferido";"Concorrendo"
"JOÃO VITOR DA SILVA BASTOS";"JOÃO SOBRANCELHAS";"Vereador";70777;"AVANTE";"AVANTE";"Deferido";"Concorrendo"
"JOÃO APARECIDO TEIXEIRA";"JOÃO TEIXEIRA";"Vereador";17555;"PSL";"PSL";"Deferido";"Concorrendo"
"JOÃO BATISTA DA SILVA";"JOÃO VINTE E NOVE";"Vereador";36029;"PTC";"PTC";"Indeferido com recurso";"Concorrendo"
"JOÃO JOSÉ ALVES";"JOÃOZINHO CABELEIREIRO";"Vereador";28000;"PRTB";"PRTB";"Deferido";"Concorrendo"
"JONAS OKADA";"JONAS OKADA";"Vereador";20333;"PSC";"PSC";"Deferido";"Concorrendo"
"JOSÉ DIMAS PEREIRA";"JOSÉ DIMAS";"Vereador";45123;"PSDB";"PSDB";"Deferido";"Concorrendo"
"JOSÉ LOPES DE SOUSA";"JOSÉ LOPES DINHO";"Vereador";13333;"PT";"PT";"Deferido";"Concorrendo"
"JOSÉ MAURÍCIO DOS SANTOS";"JOSÉ MAURÍCIO";"Vereador";15654;"MDB";"MDB";"Deferido";"Concorrendo"
"JOSE NILTON DOS SANTOS";"JOSE NILTON JHONES";"Vereador";36022;"PTC";"PTC";"Indeferido com recurso";"Concorrendo"
"JOSEANE ALMEIDA DE OLIVEIRA";"JOSY OLIVEIRA";"Vereador";20800;"PSC";"PSC";"Deferido";"Concorrendo"
"JOY ARRUDA MARQUES CORREA DIAS";"JOY ARRUDA";"Vereador";45450;"PSDB";"PSDB";"Deferido";"Concorrendo"
"JUCIARA EVELYN DE SOUZA";"JUCIARA";"Vereador";19900;"PODE";"PODE";"Indeferido com recurso";"Concorrendo"
"JULIANA FRAGA E SILVA DE SOUZA";"JULIANA FRAGA";"Vereador";13222;"PT";"PT";"Deferido";"Concorrendo"
"JUTAI DOS SANTOS MUNIZ";"JU MOTORISTA JUTAI";"Vereador";40456;"PSB";"PSB";"Deferido";"Concorrendo"
"WASHINGTON JOANES GUILHERME";"JUNINHO";"Vereador";10000;"REPUBLICANOS";"REPUBLICANOS";"Deferido";"Concorrendo"
"BERNARDO CASTRO JUNIOR";"JUNIOR DA FARMÁCIA";"Vereador";17999;"PSL";"PSL";"Deferido";"Concorrendo"
"JURANDI MANOEL DA SILVA";"JURANDI DO COQUEIRO";"Vereador";77133;"SOLIDARIEDADE";"SOLIDARIEDADE";"Deferido";"Concorrendo"
"JUVENIL DE ALMEIDA SILVÉRIO";"JUVENIL SILVÉRIO";"Vereador";45654;"PSDB";"PSDB";"Deferido";"Concorrendo"
"JAIR PEREIRA DOS SANTOS";"KALEB DO GÁS";"Vereador";28221;"PRTB";"PRTB";"Deferido";"Concorrendo"
"KARINA CARDOSO DE OLIVEIRA LEITE DA GUIA";"KARINA GUIA";"Vereador";55156;"PSD";"PSD";"Deferido";"Concorrendo"
"KÁTIA CILENE CALIONI";"KATIA CALIONI";"Vereador";17456;"PSL";"PSL";"Deferido";"Concorrendo"
"KELLY CRISTINE MOREIRA LINHARES";"KELLY LINHARES";"Vereador";45000;"PSDB";"PSDB";"Deferido";"Concorrendo"
"KEYLA JANET LEAL";"KEYLA LEAL";"Vereador";20121;"PSC";"PSC";"Deferido";"Concorrendo"
"LADI ROSÂNGELA FIALHO";"LADI FIALHO";"Vereador";10157;"REPUBLICANOS";"REPUBLICANOS";"Deferido";"Concorrendo"
"LARISSA COMODARO NUNES SANT'ANA";"LARI COMODARO";"Vereador";16000;"PSTU";"PSTU";"Deferido";"Concorrendo"
"LEANDRO MARCIO RODRIGUES";"LEANDRO RODRIGUES";"Vereador";45456;"PSDB";"PSDB";"Deferido";"Concorrendo"
"LEDA DA SILVA";"LEDINHA DO BOLINHO";"Vereador";14210;"PTB";"PTB";"Deferido";"Concorrendo"
"LIONEIDE FERREIRA DE OLIVEIRA";"LEIA DE OLIVEIRA";"Vereador";18153;"REDE";"REDE";"Deferido";"Concorrendo"
"LEILA MARIA ALVES REIS DE ALMEIDA";"LEILA REIS";"Vereador";10070;"REPUBLICANOS";"REPUBLICANOS";"Deferido";"Concorrendo"
"LENIVALDO BARBOSA DA SILVA";"LENO";"Vereador";11500;"PP";"PP";"Deferido";"Concorrendo"
"JOSÉ LEÃO DIAS";"LÉO CASCAVEL";"Vereador";22009;"PL";"PL";"Deferido";"Concorrendo"
"LEONAN DE CARVALHO SILVA PEREIRA";"LÉO DO JAIME DO RESTAURANTE";"Vereador";15200;"MDB";"MDB";"Deferido";"Concorrendo"
"LETICIA VERÔNICA DA SILVA";"LETICIA VERÔNICA";"Vereador";51400;"PATRIOTA";"PATRIOTA";"Deferido";"Concorrendo"
"LIDIANE FARIA DUARTE DOS SANTOS";"LIDIANE PORTES";"Vereador";25005;"DEM";"DEM";"Deferido";"Concorrendo"
"LINCOLN GUSTAVO DE SALES";"LINCOLN MAIS";"Vereador";11701;"PP";"PP";"Deferido";"Concorrendo"
"EDEN LUIZ DE SIQUEIRA FREITAS";"LINDAO DO LAVA RAPIDO";"Vereador";65656;"PC do B";"PC do B";"Deferido";"Concorrendo"
"FLORISVALDO GONÇALVES FERNANDES";"LIN FERNANDES";"Vereador";13200;"PT";"PT";"Deferido";"Concorrendo"
"LINO BISPO DA ROCHA";"LINO BISPO";"Vereador";22100;"PL";"PL";"Deferido";"Concorrendo"
"DEUSELINDO DONIZETTI DO COUTO";"LINO COUTO";"Vereador";14014;"PTB";"PTB";"Deferido";"Concorrendo"
"LISSA GALVÃO";"LISSA GALVÃO";"Vereador";15222;"MDB";"MDB";"Deferido";"Concorrendo"
"LUCAS BRONZATTO REBOUÇAS";"LUCAS DA CACULÉ MOTOS";"Vereador";22331;"PL";"PL";"Deferido";"Concorrendo"
"LUCAS PEREIRA GUIO";"LUCAS GUIO";"Vereador";65650;"PC do B";"PC do B";"Deferido";"Concorrendo"
"ANTONIA LUCIA PEREIRA";"LÚCIA GALVÃO";"Vereador";13456;"PT";"PT";"Deferido";"Concorrendo"
"LUCIANA MARQUES VINO";"LUCIANA VINO";"Vereador";36999;"PTC";"PTC";"Deferido";"Concorrendo"
"LUCIANO GUEDES PINTO";"LUCIANO SAM";"Vereador";14150;"PTB";"PTB";"Deferido";"Concorrendo"
"LUIGI BERTONCINI";"LUIGI BERTONCINI";"Vereador";15410;"MDB";"MDB";"Deferido";"Concorrendo"
"LUIS FABIANO COSTA";"LUIS FABIANO";"Vereador";65222;"PC do B";"PC do B";"Deferido";"Concorrendo"
"LUIZ CLAUDIO PIRES PEREIRA";"LUIZ CLAUDIO";"Vereador";36765;"PTC";"PTC";"Indeferido com recurso";"Concorrendo"
"LUIZ MARINO DE SOUZA";"LUIZINHO DA FARMÁCIA";"Vereador";28088;"PRTB";"PRTB";"Deferido";"Concorrendo"
"LUIZ GUILHERME LACERDA GOMES";"LUIZ LACERDA";"Vereador";77707;"SOLIDARIEDADE";"SOLIDARIEDADE";"Indeferido com recurso";"Concorrendo"
"JOSÉ FREIRE MACIEL PARENTE JÚNIOR";"MACIEL JUNIOR";"Vereador";11333;"PP";"PP";"Deferido";"Concorrendo"
"ANTONIO DE PÁDUA DO PRADO";"MAGAL DO PRIMAVERA";"Vereador";23222;"CIDADANIA";"CIDADANIA";"Deferido";"Concorrendo"
"GERALDO MAGELA DA CRUZ";"MAGELA";"Vereador";65300;"PC do B";"PC do B";"Deferido";"Concorrendo"
"PAULO ROBERTO DA CUNHA";"MAGRÃO BORRACHEIRO";"Vereador";11620;"PP";"PP";"Deferido";"Concorrendo"
"MARIA JOSÉ SOUZA VALE";"MAJÔ DA SAÚDE";"Vereador";25192;"DEM";"DEM";"Deferido";"Concorrendo"
"TADEU AMÉRICO PINTO";"MAJOR AMÉRICO";"Vereador";51800;"PATRIOTA";"PATRIOTA";"Deferido";"Concorrendo"
"JOSE MANCILHA PINTO";"MANCILHA DO MERCADINHO";"Vereador";45222;"PSDB";"PSDB";"Deferido";"Concorrendo"
"SILVIO DO CARMO CAMARGO";"MANINHO CEM POR CENTO";"Vereador";77200;"SOLIDARIEDADE";"SOLIDARIEDADE";"Deferido";"Concorrendo"
"MANOEL JOSÉ DE OLIVEIRA";"MANOEL DO RESTAURANTE";"Vereador";13513;"PT";"PT";"Deferido";"Concorrendo"
"JOSÉ MARIA MARÇAL BARBOSA";"MARÇAL BARBOSA";"Vereador";14561;"PTB";"PTB";"Deferido";"Concorrendo"
"MARCO AURÉLIO SIMÃO RODRIGUES";"MARCÃO DA ACADEMIA AO AR LIVRE";"Vereador";25111;"DEM";"DEM";"Deferido";"Concorrendo"
"MARCOS VIRGÍLIO DA SILVA";"MARCÃO DO INTERLAGOS";"Vereador";25123;"DEM";"DEM";"Deferido";"Concorrendo"
"MARCOS CAMPOS SIMÕES";"MARCÃO FIAT CAR";"Vereador";11000;"PP";"PP";"Deferido";"Concorrendo"
"MARCELO DE ALMEIDA GONÇALVES";"MARCELINHO";"Vereador";14140;"PTB";"PTB";"Deferido";"Concorrendo"
"MARCELO FERREIRA DA SILVA";"MARCELLO FERREIRA";"Vereador";25321;"DEM";"DEM";"Deferido";"Concorrendo"
"MARCELO LUCIO COSTA";"MARCELO ADSUMUS";"Vereador";55099;"PSD";"PSD";"Deferido";"Concorrendo"
"MARCELO FONSECA DOS SANTOS";"MARCELO DADÁ";"Vereador";17777;"PSL";"PSL";"Deferido";"Concorrendo"
"JOSÉ MARCELO DA SILVA FERREIRA";"MARCELO DA FÉ";"Vereador";77321;"SOLIDARIEDADE";"SOLIDARIEDADE";"Deferido";"Concorrendo"
"MARCELO MARCELINO GARCIA";"MARCELO GARCIA";"Vereador";14444;"PTB";"PTB";"Deferido";"Concorrendo"
"MARCELO IGLESIAS MORAES";"MARCELO IGLESIAS";"Vereador";13130;"PT";"PT";"Deferido";"Concorrendo"
"MARCELO RIBEIRO DA SILVA";"MARCELO RIBEIRO";"Vereador";13300;"PT";"PT";"Deferido";"Concorrendo"
"MARCELO DAL COL";"MARCELO UNIÃO";"Vereador";55100;"PSD";"PSD";"Deferido";"Concorrendo"
"MARCELO VANDERLAN DE OLIVEIRA";"MARCELO XEXÉU";"Vereador";22363;"PL";"PL";"Deferido";"Concorrendo"
"MÁRCIA HELENA PEREIRA FARIA";"MARCIA HELENA CUIDADORA";"Vereador";14011;"PTB";"PTB";"Deferido";"Concorrendo"
"MARCIA APARECIDA MACHADO";"MARCIA MACHADO";"Vereador";65777;"PC do B";"PC do B";"Deferido";"Concorrendo"
"MARCIA ROSA SILVEIRA";"MARCIA ROSPHER";"Vereador";51651;"PATRIOTA";"PATRIOTA";"Deferido";"Concorrendo"
"JOSÉ MARCIO DE CAMPOS";"MÁRCIO CAMPOS";"Vereador";25190;"DEM";"DEM";"Deferido";"Concorrendo"
"MARCO ANTONIO DE OLIVEIRA ALVES";"MARCO DO PET";"Vereador";77123;"SOLIDARIEDADE";"SOLIDARIEDADE";"Deferido";"Concorrendo"
"MARCOS ROBERTO CLARO";"MARCOS CLARO";"Vereador";23223;"CIDADANIA";"CIDADANIA";"Deferido";"Concorrendo"
"MARCOS VINICIUS NOGUEIRA";"MARCOS NOGUEIRA";"Vereador";55000;"PSD";"PSD";"Deferido";"Concorrendo"
"MARCO ANTONIO ZANFRA SARAIVA";"MARCO ZANFRA";"Vereador";45045;"PSDB";"PSDB";"Deferido";"Concorrendo"
"MARGARETE FERNANDES HONORATO";"MARGARETE DO BRECHÓ";"Vereador";70888;"AVANTE";"AVANTE";"Deferido";"Concorrendo"
"MARIA DO SOCORRO ALCANTARA";"MARIA ALCANTARA";"Vereador";20010;"PSC";"PSC";"Deferido";"Concorrendo"
"MARIA ANGELICA RIBEIRO";"MARIA ANGELICA";"Vereador";17321;"PSL";"PSL";"Deferido";"Concorrendo"
"MARIA ANTÔNIA NEVES CARDOSO";"MARIA ANTÔNIA";"Vereador";25625;"DEM";"DEM";"Deferido";"Concorrendo"
"MARIA IZELIA DA CONCEICAO";"MARIA IZÉLIA";"Vereador";65123;"PC do B";"PC do B";"Deferido";"Concorrendo"
"MARIA DA CRUZ VIEIRA";"MARIA VIEIRA";"Vereador";36541;"PTC";"PTC";"Indeferido";"Concorrendo"
"MARIA DE LURDES FARIA DE GODOI";"MARILU GODOI";"Vereador";14000;"PTB";"PTB";"Deferido";"Concorrendo"
"MARILZA DA ROCHA SALES";"MARILZA AÇAI";"Vereador";40400;"PSB";"PSB";"Deferido";"Concorrendo"
"MÁRIO LÚCIO ADRIÃO";"MÁRIO LÚCIO ADRIÃO";"Vereador";25300;"DEM";"DEM";"Deferido";"Concorrendo"
"MARLENE ISABEL DA SILVA";"MARLENE ISABEL";"Vereador";36012;"PTC";"PTC";"Deferido";"Concorrendo"
"MARLUCIA DOS SANTOS LOPES";"MARLUCIA S LOPES";"Vereador";70162;"AVANTE";"AVANTE";"Deferido";"Concorrendo"
"ANTONIO MARCOS DAS CHAGAS";"MARQUINHOS DA FEIRA";"Vereador";23001;"CIDADANIA";"CIDADANIA";"Deferido";"Concorrendo"
"VALDIR MARTINS DE SOUZA";"MARROM DO PINHEIRINHO";"Vereador";13617;"PT";"PT";"Deferido";"Concorrendo"
"MARILDA APARECIDA MOREIRA";"MARY MORENA";"Vereador";28014;"PRTB";"PRTB";"Deferido";"Concorrendo"
"MASSAMI SHISHITO";"MASSAMI MASSA";"Vereador";36036;"PTC";"PTC";"Deferido";"Concorrendo"
"MAURO APARECIDO ROSA";"MAURINHO DO POVO";"Vereador";36333;"PTC";"PTC";"Deferido";"Concorrendo"
"MAUROESSIL MAURO CURSINO ELYSEO";"MAUROESSIL MAURO CURSINO ELYSE";"Vereador";50777;"PSOL";"PSOL";"Deferido";"Concorrendo"
"MAYARA BARROS CARVALHO DA SILVA";"MAYARA CARVALHO";"Vereador";28017;"PRTB";"PRTB";"Deferido";"Concorrendo"
"ROSEMARY FONSECA DE SOUZA MENDES";"MAY FONSECA";"Vereador";20500;"PSC";"PSC";"Deferido";"Concorrendo"
"MAYRA DE MEDEIROS BOTELHO";"MAYRA DO APP";"Vereador";11444;"PP";"PP";"Deferido";"Concorrendo"
"DEMETRIUS CLAILSON SILVA";"MESTRE DEMETRIUS SILVA";"Vereador";20123;"PSC";"PSC";"Deferido";"Concorrendo"
"MICHEL MENDES FROHLINGSDORF";"MICHEL DORF";"Vereador";23305;"CIDADANIA";"CIDADANIA";"Deferido";"Concorrendo"
"MICHELLE DANIELLE FERNANDES";"MICHELLE FERNANDES";"Vereador";45005;"PSDB";"PSDB";"Deferido";"Concorrendo"
"ALMIR SALES DE OLIVEIRA";"MI DA NORTE";"Vereador";25444;"DEM";"DEM";"Deferido";"Concorrendo"
"MIGUEL RENATO DE SOUZA NISHIMURA";"MIGUELITO";"Vereador";15321;"MDB";"MDB";"Deferido";"Concorrendo"
"MILENA CASTRO ROSSO RIBEIRO";"MILENA ROSSO";"Vereador";51321;"PATRIOTA";"PATRIOTA";"Deferido";"Concorrendo"
"MILENE FABIANA VITORIANO COSTA";"MILENE";"Vereador";19455;"PODE";"PODE";"Deferido";"Concorrendo"
"MILTON VIEIRA";"MILTÃO";"Vereador";28028;"PRTB";"PRTB";"Deferido";"Concorrendo"
"MILTON DE OLIVEIRA";"MILTINHO DA ELETRÔNICA";"Vereador";51051;"PATRIOTA";"PATRIOTA";"Deferido";"Concorrendo"
"MILTON DO CARMO";"MILTON DO CARMO";"Vereador";20137;"PSC";"PSC";"Deferido";"Concorrendo"
"RICELLI MARTINS PINTO";"MILTON VIEIRA FILHO";"Vereador";10300;"REPUBLICANOS";"REPUBLICANOS";"Deferido";"Concorrendo"
"MIRANDA UEB MACHADO";"MIRANDA UEB";"Vereador";23690;"CIDADANIA";"CIDADANIA";"Deferido";"Concorrendo"
"MIRELLA LIA CHRISTIE SIMPLICIO SILVA";"MIRELLA CHRISTIE";"Vereador";65655;"PC do B";"PC do B";"Deferido";"Concorrendo"
"MIRIAM APARECIDA NUNES CAIANI";"MIRIAM CAIANI";"Vereador";20777;"PSC";"PSC";"Deferido";"Concorrendo"
"IVETE RODRIGUES DE OLIVEIRA";"MISSIONARIA IVETE";"Vereador";19111;"PODE";"PODE";"Deferido";"Concorrendo"
"PAULO ROBERTO VIEIRA DE SANTANA";"MISSIONARIO PAULO";"Vereador";36551;"PTC";"PTC";"Indeferido com recurso";"Concorrendo"
"MOISES CELESTE DE ARAUJO";"MOISES JESUS";"Vereador";19333;"PODE";"PODE";"Deferido";"Concorrendo"
"MOISÉS PEREIRA";"MOISÉS PEREIRA";"Vereador";40200;"PSB";"PSB";"Deferido";"Concorrendo"
"MÔNICA OLIVEIRA ARENCE";"MÔNICA CARIOCA";"Vereador";14699;"PTB";"PTB";"Deferido";"Concorrendo"
"RONALDO SILVA BARBOSA";"NALDO";"Vereador";65012;"PC do B";"PC do B";"Deferido";"Concorrendo"
"NATANAEL DA SILVA";"NATANAEL SILVA";"Vereador";65156;"PC do B";"PC do B";"Indeferido";"Concorrendo"
"NAZARETH DE MELO VASCONCELOS";"NAZARETH VASCONCELOS";"Vereador";55074;"PSD";"PSD";"Deferido";"Concorrendo"
"JACKSON HENRIQUE DE SOUZA";"NEGO JACKSON";"Vereador";10999;"REPUBLICANOS";"REPUBLICANOS";"Deferido";"Concorrendo"
"EDNEIA SILVIA DE MOURA FERNANDES CARVALHO";"NEIA CARVALHO UM CINCO MEIA";"Vereador";28156;"PRTB";"PRTB";"Deferido";"Concorrendo"
"MARIA APARECIDA BENTO";"NEIA DA CARROÇA";"Vereador";23014;"CIDADANIA";"CIDADANIA";"Deferido";"Concorrendo"
"NELMA MARIA BIAGIONI MELO";"NELMA BIAGIONI";"Vereador";25255;"DEM";"DEM";"Deferido";"Concorrendo"
"NEUSA LEONORA DO CARMO DELLÚ";"NEUSA DO CARMO";"Vereador";14800;"PTB";"PTB";"Deferido";"Concorrendo"
"NEY PEREIRA GOMES";"NEY LOVE";"Vereador";51999;"PATRIOTA";"PATRIOTA";"Deferido";"Concorrendo"
"SIDNEY CUSTODIO";"NEY SOLIDÁRIOS";"Vereador";25900;"DEM";"DEM";"Deferido";"Concorrendo"
"NIDIA PAULA DOS SANTOS OLIVEIRA";"NIDIA SANTOS";"Vereador";55499;"PSD";"PSD";"Deferido";"Concorrendo"
"NILDA MARIA DIAS";"NILDA DA CAUSA ANIMAL";"Vereador";28444;"PRTB";"PRTB";"Deferido";"Concorrendo"
"NILTON APARECIDO BARBOSA";"NILTON BLAU";"Vereador";45007;"PSDB";"PSDB";"Deferido";"Concorrendo"
"ROGÉRIO TOLEDO";"OBAMA";"Vereador";19099;"PODE";"PODE";"Deferido";"Concorrendo"
"ONIAS CARLOS PIRES";"ONIAS PIRES";"Vereador";50077;"PSOL";"PSOL";"Deferido";"Concorrendo"
"ORIANA MARIA DIAS CHAVES";"ORIANA CHAVES";"Vereador";13024;"PT";"PT";"Deferido";"Concorrendo"
"ORLANDO DE ANDRADE RIBEIRO";"ORLANDO ANDRADE";"Vereador";28045;"PRTB";"PRTB";"Indeferido com recurso";"Concorrendo"
"OSMAR ANTONIO FERREIRA";"OSMAR FERREIRA";"Vereador";20045;"PSC";"PSC";"Deferido";"Concorrendo"
"PABLO COSME REDICOPA";"PABLO REDICOPA";"Vereador";22800;"PL";"PL";"Deferido";"Concorrendo"
"MARIA GABRIELA SABINO CARVALHO";"PASTORA GABI CARVALHO";"Vereador";55144;"PSD";"PSD";"Deferido";"Concorrendo"
"JOSIANE GUILHER PADILHA";"PASTORA JOSY";"Vereador";11184;"PP";"PP";"Deferido";"Concorrendo"
"EDIMARI JULIANA NATALIA LOPES SIMOES";"PASTORA JULIANA";"Vereador";20002;"PSC";"PSC";"Deferido";"Concorrendo"
"TERESINHA DA SILVA BRAGA OLIVEIRA";"PASTORA TERESINHA BRAGA";"Vereador";14777;"PTB";"PTB";"Deferido";"Concorrendo"
"PATRICIA GARROTE DA SILVA VIEIRA";"PATRICIA GARROTE";"Vereador";17400;"PSL";"PSL";"Deferido";"Concorrendo"
"PATRICIA PONTES BECKER";"PATRICIA PONTES";"Vereador";22456;"PL";"PL";"Deferido";"Concorrendo"
"PAULA CAROLINE MIRANDA GONÇALVES";"PAULA MIRANDA";"Vereador";28700;"PRTB";"PRTB";"Deferido";"Concorrendo"
"PAULO EDUARDO DE MENEZES";"PAULÃO MÚSICO";"Vereador";70222;"AVANTE";"AVANTE";"Deferido";"Concorrendo"
"PAULINA BENEDITA DE ALMEIDA ANDRADE";"PAULINA DE ALMEIDA";"Vereador";28193;"PRTB";"PRTB";"Deferido";"Concorrendo"
"PAULO DONIZETTI DE ARAUJO";"PAULINHO ARAUJO";"Vereador";65133;"PC do B";"PC do B";"Renúncia";"Concorrendo"
"VICENTE PAULO BOTÃO DE OLIVEIRA";"PAULO BOTÃO";"Vereador";22777;"PL";"PL";"Deferido";"Concorrendo"
"PAULO ROBERTO DA SILVA";"PAULO CLUBECA";"Vereador";17800;"PSL";"PSL";"Deferido";"Concorrendo"
"PAULO ROBERTO DE OLIVEIRA SILVA";"PAULO ROBERTO";"Vereador";70658;"AVANTE";"AVANTE";"Deferido";"Concorrendo"
"PEDRO CASTRO DA SILVA";"PEDRO DIVINO";"Vereador";45333;"PSDB";"PSDB";"Deferido";"Concorrendo"
"AMARILDO PEREIRA DA SILVA";"PEIXEIRO";"Vereador";22022;"PL";"PL";"Deferido";"Concorrendo"
"FERNANDO LUIZ ISOPPO PETITI";"PETITI DA FARMÁCIA COMUNITÁRIA";"Vereador";15605;"MDB";"MDB";"Deferido";"Concorrendo"
"OSVALDO SOARES";"PINICO DA NORTE";"Vereador";11252;"PP";"PP";"Renúncia";"Concorrendo"
"VANDER FERREIRA";"PIRIQUITO";"Vereador";50133;"PSOL";"PSOL";"Renúncia";"Concorrendo"
"JOÃO BATISTA DE SOUZA";"PITA";"Vereador";36013;"PTC";"PTC";"Deferido";"Concorrendo"
"BENEDITA APARECIDA ROSA AMARAL";"PRETA";"Vereador";65111;"PC do B";"PC do B";"Deferido";"Concorrendo"
"PRISCILA GONÇALVES ROSSETTI";"PRISCILA ROSSETTI";"Vereador";23555;"CIDADANIA";"CIDADANIA";"Deferido";"Concorrendo"
"ANDRE LUIZ HOMEM DE MELLO OLIVEIRA";"PROF ANDRE HOMEM";"Vereador";45100;"PSDB";"PSDB";"Deferido";"Concorrendo"
"CLAUDIO CALASANS CAMARGO";"PROF CALASANS CAMARGO";"Vereador";45500;"PSDB";"PSDB";"Deferido";"Concorrendo"
"CRISTIANO RICARDO DOS SANTOS";"PROF CRISTIANO RICARDO";"Vereador";18888;"REDE";"REDE";"Deferido";"Concorrendo"
"BIANCA MEIRE DOS SANTOS";"PROFESSORA BIANCA";"Vereador";17888;"PSL";"PSL";"Deferido";"Concorrendo"
"CARMEN APARECIDA MORAES PADILHA";"PROFESSORA CARMEM PADILHA";"Vereador";13013;"PT";"PT";"Deferido";"Concorrendo"
"MARIA DA GLÓRIA CONCEIÇÃO ARAÚJO";"PROFESSORA GLÓRIA";"Vereador";22770;"PL";"PL";"Deferido";"Concorrendo"
"MARIA INES MOREIRA CARVALHO";"PROFESSORA INÊS";"Vereador";51600;"PATRIOTA";"PATRIOTA";"Deferido";"Concorrendo"
"JESSICA MARQUES RIBEIRO";"PROFESSORA JESSICA MARQUES";"Vereador";50000;"PSOL";"PSOL";"Deferido";"Concorrendo"
"JOCIANA SANTOS VIEIRA MORAIS";"PROFESSORA JOCIANA";"Vereador";15007;"MDB";"MDB";"Deferido";"Concorrendo"
"KELI CRISTINA HAYASHI PEREIRA";"PROFESSORA KELI HAYASHI";"Vereador";55110;"PSD";"PSD";"Deferido";"Concorrendo"
"LUCIANA LEITE";"PROFESSORA LUCIANA LEITE";"Vereador";13018;"PT";"PT";"Deferido";"Concorrendo"
"PATRÍCIA VALDÉLIA DOS SANTOS";"PROFESSORA PATRÍCIA VALDÉLIA";"Vereador";11111;"PP";"PP";"Deferido";"Concorrendo"
"ROSEMARY DA SILVA";"PROFESSORA ROSE";"Vereador";17170;"PSL";"PSL";"Deferido";"Concorrendo"
"SANDRA SOBRINHO";"PROFESSORA SANDRA";"Vereador";77775;"SOLIDARIEDADE";"SOLIDARIEDADE";"Deferido";"Concorrendo"
"VALÉRIA RODRIGUES DE SOUSA";"PROFESSORA VALÉRIA RODRIGUES";"Vereador";22122;"PL";"PL";"Deferido";"Concorrendo"
"LUIZ FRANCISCO MAURICIO PEREIRA";"PROFESSOR CHICÃO";"Vereador";11456;"PP";"PP";"Deferido";"Concorrendo"
"CLAUDINEY FRANCISCO DE OLIVEIRA";"PROFESSOR CLAUDINEY";"Vereador";17100;"PSL";"PSL";"Deferido";"Concorrendo"
"LUIZ CARLOS DE LIMA";"PROFESSOR LUIZ CARLOS LIMA";"Vereador";13700;"PT";"PT";"Deferido";"Concorrendo"
"MARCIO ANDERSON NOGUEIRA BARBOSA";"PROFESSOR MARCIO ANDERSON";"Vereador";22002;"PL";"PL";"Deferido";"Concorrendo"
"MARQUES AURÉLIO VIANA";"PROFESSOR MARQUES DA ACADEMIA";"Vereador";17600;"PSL";"PSL";"Deferido";"Concorrendo"
"PAULO CESAR RODRIGUES DA SILVA";"PROFESSOR PAULO CÉSAR";"Vereador";13213;"PT";"PT";"Deferido";"Concorrendo"
"RENATO CONSIGLIO";"PROFESSOR RENATO CONSIGLIO";"Vereador";70156;"AVANTE";"AVANTE";"Deferido";"Concorrendo"
"ROBERVAL RODOLFO DE OLIVEIRA";"PROFESSOR ROBERVAL";"Vereador";55355;"PSD";"PSD";"Deferido";"Concorrendo"
"THIAGO CARDOSO DA COSTA";"PROFESSOR THIAGO COSTA";"Vereador";14321;"PTB";"PTB";"Deferido";"Concorrendo"
"MARCELO PEROTTI FRIGGI";"PROF MARCELO PEROTTI FRIGGI";"Vereador";23100;"CIDADANIA";"CIDADANIA";"Deferido";"Concorrendo"
"MARGARIDO MARCOS APARECIDO CORREA";"PROF MARCOS TIO GALINHA";"Vereador";23777;"CIDADANIA";"CIDADANIA";"Deferido";"Concorrendo"
"MARIO DE SOUZA";"PURURUCA DO POVO";"Vereador";28007;"PRTB";"PRTB";"Deferido";"Concorrendo"
"JOAQUIM LEONARDO DOS SANTOS";"QUINZINHO";"Vereador";23015;"CIDADANIA";"CIDADANIA";"Deferido";"Concorrendo"
"RAFAEL BORGES AZEVEDO";"RAFAEL DO MERCADINHO";"Vereador";14123;"PTB";"PTB";"Deferido";"Concorrendo"
"RAFAEL APARECIDO RODRIGUES SABARA";"RAFAEL EMPREGA SÃO JOSÉ";"Vereador";20555;"PSC";"PSC";"Deferido";"Concorrendo"
"RAFAEL AFONSO PASCUCCI";"RAFAEL PASCUCCI";"Vereador";14676;"PTB";"PTB";"Deferido";"Concorrendo"
"RAFAEL HENRIQUE PEREIRA";"RAFAEL PEREIRA";"Vereador";18800;"REDE";"REDE";"Deferido";"Concorrendo"
"RAFAEL LOPES VENANCIO";"RAFAEL RENOVA ZONA NORTE";"Vereador";36648;"PTC";"PTC";"Deferido";"Concorrendo"
"RAIMUNDO DONATO GOUVEIA";"RAIMUNDO DA PADARIA";"Vereador";25500;"DEM";"DEM";"Deferido";"Concorrendo"
"REGIANE DOS SANTOS BEZERRA";"REGIANE BEZERRA";"Vereador";25624;"DEM";"DEM";"Deferido";"Concorrendo"
"REGINA FATIMA DOS SANTOS ENDO";"REGINA ENDO";"Vereador";19010;"PODE";"PODE";"Indeferido com recurso";"Concorrendo"
"REGINALDO CERQUEIRA DE JESUS";"REGINALDO MOTORISTA DA MARINGÁ";"Vereador";28500;"PRTB";"PRTB";"Indeferido com recurso";"Concorrendo"
"RENATA DA COSTA MAIA";"RENATA MAIA";"Vereador";14999;"PTB";"PTB";"Deferido";"Concorrendo"
"RENATO BENTO LUIZ";"RENATAO";"Vereador";50500;"PSOL";"PSOL";"Deferido";"Concorrendo"
"RENATO LEANDRO VIEIRA";"RENATO DO BANHADO";"Vereador";50789;"PSOL";"PSOL";"Deferido";"Concorrendo"
"JOSE RENATO PENELUPPI";"RENATO PENELUPPI";"Vereador";20444;"PSC";"PSC";"Deferido";"Concorrendo"
"RENATO CAMARGO SANTIAGO";"RENATO SANTIAGO";"Vereador";45999;"PSDB";"PSDB";"Deferido";"Concorrendo"
"RICARDO BELMIRO FEITOSA";"RICARDO COXA";"Vereador";10777;"REPUBLICANOS";"REPUBLICANOS";"Deferido";"Concorrendo"
"RICARDO ALESSANDRO GONÇALVES";"RICARDO LAVA-RÁPIDO";"Vereador";55575;"PSD";"PSD";"Deferido";"Concorrendo"
"RICHARD RODRIGUES DE CARVALHO";"RICHARD PEXE";"Vereador";14100;"PTB";"PTB";"Deferido";"Concorrendo"
"RICHARD COSTA FERNANDES";"RICK FILHO";"Vereador";36777;"PTC";"PTC";"Deferido";"Concorrendo"
"RILDO ANTONIO DA SILVA";"RILDO ENFERMEIRO";"Vereador";51111;"PATRIOTA";"PATRIOTA";"Deferido";"Concorrendo"
"RITA DE CASSIA COSTA SILVA";"RITA DE CASSIA";"Vereador";28318;"PRTB";"PRTB";"Indeferido";"Concorrendo"
"ROBERTO RIVELINO DOS REIS SILVA";"RIVA";"Vereador";65010;"PC do B";"PC do B";"Deferido";"Concorrendo"
"ROBERTA MIRANDA PEREIRA DA COSTA";"ROBERTA MIRANDA";"Vereador";20400;"PSC";"PSC";"Deferido";"Concorrendo"
"ROBERTA FERREIRA DOS SANTOS";"ROBERTA SANTOS";"Vereador";55181;"PSD";"PSD";"Deferido";"Concorrendo"
"ROBERTO DA PENHA RAMOS";"ROBERTINHO DA PADARIA";"Vereador";23023;"CIDADANIA";"CIDADANIA";"Deferido";"Concorrendo"
"ROBERTO DE ASSIS CHAGAS";"ROBERTO CHAGAS";"Vereador";22222;"PL";"PL";"Deferido";"Concorrendo"
"JOSÉ ROBERTO DE CASTRO MORAIS";"ROBERTO DO ELEVEN";"Vereador";45111;"PSDB";"PSDB";"Deferido";"Concorrendo"
"ROBERTO FELTRIN";"ROBERTO FELTRIN";"Vereador";28123;"PRTB";"PRTB";"Deferido";"Concorrendo"
"ROBERVAL DE SOUSA SANTOS";"ROBERVAL";"Vereador";23699;"CIDADANIA";"CIDADANIA";"Deferido";"Concorrendo"
"RODOLFO NOGUEIRA DE SÁ";"RODOLFO NOGUEIRA";"Vereador";10789;"REPUBLICANOS";"REPUBLICANOS";"Deferido";"Concorrendo"
"RODRIGO CÁSSIO GONÇALVES";"RODRIGO GONÇALVES";"Vereador";11700;"PP";"PP";"Deferido";"Concorrendo"
"RODRIGO DE SANTANA CORREA LOPES";"RODRIGO SANTANA";"Vereador";70770;"AVANTE";"AVANTE";"Deferido";"Concorrendo"
"ROGER MARCOS DE PAULA";"ROGER DANIEL DA ELETRÔNICA";"Vereador";51777;"PATRIOTA";"PATRIOTA";"Deferido";"Concorrendo"
"ROGÉRIO DE ABREU";"ROGERINHO";"Vereador";14700;"PTB";"PTB";"Deferido";"Concorrendo"
"ROGÉRIO CRISTÓVÃO ALVES";"ROGÉRIO DA ACASEM";"Vereador";15500;"MDB";"MDB";"Deferido";"Concorrendo"
"ROGERIO DA SILVA SANTOS";"ROGÉRIO DA FOTO SANTOS";"Vereador";51251;"PATRIOTA";"PATRIOTA";"Deferido";"Concorrendo"
"ROGÉRIO FRANCISCO TEODORO";"ROGÉRIO MINEIRINHO";"Vereador";25555;"DEM";"DEM";"Deferido";"Concorrendo"
"ROMILDO DA SILVA NEGROMONTE";"ROMILDO NEGROMONTE NORDESTINO";"Vereador";13400;"PT";"PT";"Deferido";"Concorrendo"
"RONALDO DA NÓBREGA DIAS";"RONALDO DIAS";"Vereador";30010;"NOVO";"NOVO";"Deferido";"Concorrendo"
"RONALDO DE CÁSSIO EVANGELISTA BARBOSA";"RONALDO DO INSTITUTO";"Vereador";11800;"PP";"PP";"Deferido";"Concorrendo"
"ROSA MARIA DE OLIVEIRA CORRÊA LIMA";"ROSA MARIA";"Vereador";36008;"PTC";"PTC";"Indeferido";"Concorrendo"
"ROSANA APARECIDA DE LIMA SOUZA";"ROSANA LIMA";"Vereador";77240;"SOLIDARIEDADE";"SOLIDARIEDADE";"Deferido";"Concorrendo"
"ROSANGELA APARECIDA SILVA PEREIRA";"ROSANGELA";"Vereador";45133;"PSDB";"PSDB";"Deferido";"Concorrendo"
"ROSANGELA BEZERRA LIMA";"ROSANGELA LIMA";"Vereador";28777;"PRTB";"PRTB";"Deferido";"Concorrendo"
"ROSÂNIA MARIA GULLO DA SILVA";"ROSANIA GULLO";"Vereador";15015;"MDB";"MDB";"Deferido";"Concorrendo"
"ROSEMARY APARECIDA DA COSTA";"ROSE DO BALADA FEST";"Vereador";10007;"REPUBLICANOS";"REPUBLICANOS";"Deferido";"Concorrendo"
"ROSE MARY REIS";"ROSE REIS";"Vereador";25060;"DEM";"DEM";"Deferido";"Concorrendo"
"ROSICLER SERRANO CAMPOS GABRIEL";"ROSICLER";"Vereador";19888;"PODE";"PODE";"Deferido";"Concorrendo"
"ROSILENE APARECIDA LAURINDO DA SILVA SANTOS";"ROSI DIRETORA";"Vereador";20700;"PSC";"PSC";"Deferido";"Concorrendo"
"ROZELI PEREIRA DO NASCIMENTO";"ROZE NASCIMENTO";"Vereador";77700;"SOLIDARIEDADE";"SOLIDARIEDADE";"Deferido";"Concorrendo"
"ROZIANE BÔAVENTURA DE ALMEIDA";"ROZI BOAVENTURA";"Vereador";15700;"MDB";"MDB";"Deferido";"Concorrendo"
"RUBENS RAMOS JUNIOR";"RUBINHO";"Vereador";23113;"CIDADANIA";"CIDADANIA";"Deferido";"Concorrendo"
"CARMEN SALETE SILVA SENE";"SALETE MÃE DO MARGARIDA";"Vereador";25333;"DEM";"DEM";"Deferido";"Concorrendo"
"SAMUEL COELHO COSTA";"SAMUEL COSTA";"Vereador";55192;"PSD";"PSD";"Deferido";"Concorrendo"
"SAMUEL GOMES DA SILVA";"SAMUEL GOMMEZ";"Vereador";15333;"MDB";"MDB";"Deferido";"Concorrendo"
"SAMUEL ROMERO JUNIOR";"SAMUEL ROMERO";"Vereador";20019;"PSC";"PSC";"Deferido";"Concorrendo"
"SANDRA CRISTIANE PEREIRA";"SANDRA CRISTINY";"Vereador";22531;"PL";"PL";"Deferido";"Concorrendo"
"SANDRA DE CAMARGO SILVA";"SANDRA MISSIONARIA";"Vereador";14137;"PTB";"PTB";"Deferido";"Concorrendo"
"SANDRA TURSI";"SANDRA TURSI";"Vereador";77760;"SOLIDARIEDADE";"SOLIDARIEDADE";"Deferido";"Concorrendo"
"SANDRO GOULART BARBOSA";"SANDRO PROTEÇÃO";"Vereador";15080;"MDB";"MDB";"Deferido";"Concorrendo"
"SONIA CANDIDA RODRIGUES";"SANY LEÃO";"Vereador";45777;"PSDB";"PSDB";"Deferido";"Concorrendo"
"JOSÉ CARLOS ANTUNES";"SARGENTO ANTUNES";"Vereador";22000;"PL";"PL";"Deferido";"Concorrendo"
"EDMILSON FERREIRA";"SARGENTO FERREIRA";"Vereador";28190;"PRTB";"PRTB";"Deferido";"Concorrendo"
"VALTER ISIDORO DE SOUSA";"SARGENTO ISIDORO";"Vereador";40190;"PSB";"PSB";"Deferido";"Concorrendo"
"RODRIGO ALMEIDA DE MENDONÇA";"SARGENTO MENDONÇA";"Vereador";25222;"DEM";"DEM";"Deferido";"Concorrendo"
"JOSÉ SEBASTIÃO RIBEIRO";"SEBASTIÃO VELA";"Vereador";13999;"PT";"PT";"Deferido";"Concorrendo"
"JOSE CARLOS SENDRETTI";"SENDRETTI";"Vereador";20101;"PSC";"PSC";"Deferido";"Concorrendo"
"SERGIO HENRIQUE PIRES";"SERGINHO PIRES";"Vereador";16789;"PSTU";"PSTU";"Deferido";"Concorrendo"
"PAULO SÉRGIO DA SILVA";"SERGINHO VENETUR";"Vereador";10033;"REPUBLICANOS";"REPUBLICANOS";"Deferido";"Concorrendo"
"SERGIO CAMARGO DA SILVA";"SERGIO CAMARGO";"Vereador";45620;"PSDB";"PSDB";"Deferido";"Concorrendo"
"SÉRGIO LUIZ DE SOUZA";"SÉRGIO FEIJÃO";"Vereador";11999;"PP";"PP";"Deferido";"Concorrendo"
"SERGIO LUIZ GOMES MACHADO";"SERGIO LUIZ GOMES MACHADO";"Vereador";36321;"PTC";"PTC";"Indeferido com recurso";"Concorrendo"
"JAIRO FERNANDES";"SEU JAIRO DA LESTE";"Vereador";22231;"PL";"PL";"Deferido";"Concorrendo"
"SEVERINA DE MELO LIMA";"SEVERINA MELO";"Vereador";11029;"PP";"PP";"Deferido";"Concorrendo"
"SHAKESPEARE VIANA CARVALHO";"SHAKESPEARE";"Vereador";10123;"REPUBLICANOS";"REPUBLICANOS";"Deferido";"Concorrendo"
"SIDNEY DE SIQUEIRA CAMPOS FERNANDES";"SIDNEY CAMPOS";"Vereador";45455;"PSDB";"PSDB";"Deferido";"Concorrendo"
"WALTER FERNANDES CANDELARIO";"SIENA DA AUTO ESCOLA";"Vereador";28100;"PRTB";"PRTB";"Deferido";"Concorrendo"
"SILVANO MACHADO DE JESUS";"SILVANO";"Vereador";55222;"PSD";"PSD";"Deferido";"Concorrendo"
"SILVIO APARECIDO SANTOS DA SILVA";"SILVIO DA FARMÁCIA";"Vereador";15710;"MDB";"MDB";"Deferido";"Concorrendo"
"EDSON DAS NEVES";"SINDICO PEPITO";"Vereador";36654;"PTC";"PTC";"Indeferido com recurso";"Concorrendo"
"SOFIA APARECIDA DA SILVA";"SOFIA COIMBRA";"Vereador";70444;"AVANTE";"AVANTE";"Deferido";"Concorrendo"
"SONIA PEREIRA DA SILVA";"SONIA DO SACOLAO";"Vereador";65071;"PC do B";"PC do B";"Deferido";"Concorrendo"
"REGINALDO SILVA RIBEIRO";"TALIBAN";"Vereador";77441;"SOLIDARIEDADE";"SOLIDARIEDADE";"Deferido";"Concorrendo"
"TALITA NASCIMENTO DOS SANTOS";"TALITA SANTOS";"Vereador";28080;"PRTB";"PRTB";"Deferido";"Concorrendo"
"JOÃO DAS MERCES ALMEIDA";"TAMPÃO";"Vereador";55422;"PSD";"PSD";"Deferido";"Concorrendo"
"TANIA MARIA DE MATTOS BEZERRA";"TANIATRIATLETA EM REDE";"Vereador";18018;"REDE";"REDE";"Indeferido com recurso";"Concorrendo"
"TATHIANE SILVA SALES";"TATHI SALES";"Vereador";15100;"MDB";"MDB";"Deferido";"Concorrendo"
"TATIANA LOPES SALVADOR";"TATI LOPES";"Vereador";65555;"PC do B";"PC do B";"Deferido";"Concorrendo"
"TELMA MARIA DAVINO DE OLIVEIRA";"TELMA DAVINO";"Vereador";45300;"PSDB";"PSDB";"Deferido";"Concorrendo"
"TERCIO DE OLIVEIRA LEITE";"TERCIO MIUPE";"Vereador";36028;"PTC";"PTC";"Indeferido com recurso";"Concorrendo"
"THEBAS GRANZA BRAZ";"THEBAS THEBANO";"Vereador";36123;"PTC";"PTC";"Deferido";"Concorrendo"
"THIAGO HENRIQUE DIAS SERPA DE OLIVEIRA";"THIAGO SERPA";"Vereador";13111;"PT";"PT";"Deferido";"Concorrendo"
"THIAGO CLAUDINO BARBOSA DUARTE";"THIAGO THUIU";"Vereador";70111;"AVANTE";"AVANTE";"Indeferido com recurso";"Concorrendo"
"THOMAZ HENRIQUE BARBOSA DA SILVA";"THOMAZ HENRIQUE";"Vereador";30300;"NOVO";"NOVO";"Deferido";"Concorrendo"
"TIAGO FELIPE LOBO DOS SANTOS";"TIAGO DO PASTEL";"Vereador";51789;"PATRIOTA";"PATRIOTA";"Deferido";"Concorrendo"
"TIAGO MACIEL FERREIRA DA SILVA";"TIAGO MACIEL";"Vereador";55033;"PSD";"PSD";"Deferido";"Concorrendo"
"LAUDELINE DA SILVA";"TIA LILA";"Vereador";14888;"PTB";"PTB";"Deferido";"Concorrendo"
"LOURDES DE SOUZA MATOS";"TIA LOURDES ESCOLAR";"Vereador";23245;"CIDADANIA";"CIDADANIA";"Deferido";"Concorrendo"
"LUCIANA CASIMIRO DE ASSIS SOUSA";"TIA LU";"Vereador";22700;"PL";"PL";"Deferido";"Concorrendo"
"SEBASTIÃO PEREIRA DA SILVA";"TIÃO DA AREIA";"Vereador";13007;"PT";"PT";"Deferido";"Concorrendo"
"LIOVALDO LUIZ DA SILVA";"TIAO DO POVO";"Vereador";65190;"PC do B";"PC do B";"Deferido";"Concorrendo"
"TATIANE FARTIR DOS SANTOS";"TIA TATY";"Vereador";17345;"PSL";"PSL";"Deferido";"Concorrendo"
"CRISTIANO WENCESLAU FERNANDES";"TIO LÚ";"Vereador";25888;"DEM";"DEM";"Deferido";"Concorrendo"
"EDINILSON CAMPOS DA CONCEIÇÃO";"TODYNHO";"Vereador";70170;"AVANTE";"AVANTE";"Deferido";"Concorrendo"
"ANTONIO DONIZETE FERREIRA";"TONINHO FERREIRA";"Vereador";16123;"PSTU";"PSTU";"Deferido";"Concorrendo"
"JOSÉ RODOLFO DA ROSA";"TUNA DO LAVA RAPIDO";"Vereador";77024;"SOLIDARIEDADE";"SOLIDARIEDADE";"Deferido";"Concorrendo"
"VALDIR DE ALVARENGA";"VALDIR ALVARENGA";"Vereador";77600;"SOLIDARIEDADE";"SOLIDARIEDADE";"Deferido";"Concorrendo"
"VALDIR DA SILVA SANTOS";"VALDIR DO ALTOS DE SANTANA";"Vereador";13250;"PT";"PT";"Deferido";"Concorrendo"
"VALDIR VALENTIM DE PINHO CLARET";"VALDIR MASSAGISTA";"Vereador";36888;"PTC";"PTC";"Deferido";"Concorrendo"
"VALÉRIA DE PAULA";"VALÉRIA DE PAULA";"Vereador";23257;"CIDADANIA";"CIDADANIA";"Deferido";"Concorrendo"
"VALERIA DE FATIMA CESAR LEITE CHAVES";"VALERIA LEITE";"Vereador";55333;"PSD";"PSD";"Deferido";"Concorrendo"
"VALMIR NASCIMENTO MELO";"VALMIR MELO";"Vereador";70333;"AVANTE";"AVANTE";"Indeferido";"Concorrendo"
"VALTER WILSON RIBAS";"VALTER DA ECOLIFE";"Vereador";22444;"PL";"PL";"Deferido";"Concorrendo"
"VANDERLEI FRANCISCO DA GRAÇA";"VANDERLEI DA GRAÇA D MADUREIRA";"Vereador";25469;"DEM";"DEM";"Deferido";"Concorrendo"
"ALEXANDRE CARDOSO VELLOSO";"VELLOSO DA HOCUS POCUS";"Vereador";13220;"PT";"PT";"Deferido";"Concorrendo"
"VERA LUCIA DE SOUZA";"VERINHA DO SANTA INÊS";"Vereador";14333;"PTB";"PTB";"Deferido";"Concorrendo"
"VICTOR PUREZA ALEIXO";"VICTOR ALEIXO";"Vereador";22345;"PL";"PL";"Deferido";"Concorrendo"
"VINICIUS DE OLIVEIRA SANTOS";"VINICIUS DOS ANJOS DE PLANTÃO";"Vereador";17333;"PSL";"PSL";"Deferido";"Concorrendo"
"VIVIANE TAMIÃO SERENCH LEITE";"VIVIANE LEITE";"Vereador";55888;"PSD";"PSD";"Deferido";"Concorrendo"
"VIVIANE APARECIDA DE OLIVEIRA SANTOS";"VIVI OLIVEIRA";"Vereador";28018;"PRTB";"PRTB";"Deferido";"Concorrendo"
"RICARDO FERNANDES VOLU";"VOLU";"Vereador";11061;"PP";"PP";"Deferido";"Concorrendo"
"WAGNER DOS SANTOS LIMA";"WAGNER LIMA";"Vereador";36120;"PTC";"PTC";"Deferido";"Concorrendo"
"WALLACE DO PRADO OLIVEIRA";"WALLACE PRADO";"Vereador";36000;"PTC";"PTC";"Deferido";"Concorrendo"
"WALTENCIR PEREIRA DOS SANTOS";"WALTENCIR PEREIRA";"Vereador";17200;"PSL";"PSL";"Deferido";"Concorrendo"
"WALTER KATSUNORI HAYASHI";"WALTER HAYASHI";"Vereador";20100;"PSC";"PSC";"Deferido";"Concorrendo"
"JOSÉ WANDERLEY DE ALMEIDA";"WANDERLEY ÁGUAS";"Vereador";23020;"CIDADANIA";"CIDADANIA";"Deferido";"Concorrendo"
"WELLINGTON MARQUES DE ARAUJO";"WELL DOUTORES DA ALEGRIA ";"Vereador";51000;"PATRIOTA";"PATRIOTA";"Deferido";"Concorrendo"
"WELLINGTON DOS SANTOS DE MOURA";"WELLINGTON MOURA";"Vereador";36064;"PTC";"PTC";"Indeferido";"Concorrendo"
"WILLIAM CHARLES DA CUNHA";"WILLIAM DA FARMÁCIA";"Vereador";25055;"DEM";"DEM";"Deferido";"Concorrendo"
"WILLIAM FERREIRA DE SOUZA";"WILLIAM LOKO";"Vereador";20900;"PSC";"PSC";"Deferido";"Concorrendo"
"WILLIAM SANTOS REZENDE";"WILLIAM REZENDE";"Vereador";13550;"PT";"PT";"Deferido";"Concorrendo"
"WILLIANS PEREIRA DA SILVA";"WILLIANS AUTISMO";"Vereador";19001;"PODE";"PODE";"Deferido";"Concorrendo"
"WILLIS BENTO GOULART";"WILLIS";"Vereador";77777;"SOLIDARIEDADE";"SOLIDARIEDADE";"Deferido";"Concorrendo"
"WILSON BARBOSA NETO";"WILSON BARBOSA";"Vereador";15012;"MDB";"MDB";"Deferido";"Concorrendo"
"WILSON DA PAZ";"WILSON VIGILANTE";"Vereador";28222;"PRTB";"PRTB";"Deferido";"Concorrendo"
"YURI RODOLFO PEREIRA MORENO";"YURI MORENO";"Vereador";51190;"PATRIOTA";"PATRIOTA";"Deferido";"Concorrendo"
"JOSÉ CARLOS DE SOUZA";"ZÉ CARLOS DOS CONDUTORES";"Vereador";13100;"PT";"PT";"Deferido";"Concorrendo"
"JOSEFA FRANCISCA ALVES DE LIMA";"ZEFA GUERREIRA MORUMBI-REGIÃO";"Vereador";55778;"PSD";"PSD";"Deferido";"Concorrendo"
"JOSE LUIS NUNES DO COUTO";"ZÉ LUIS";"Vereador";55055;"PSD";"PSD";"Deferido";"Concorrendo"
"ZENUBIA SANTANA COSTA DE OLIVEIRA";"ZENUBIA  BIA";"Vereador";45077;"PSDB";"PSDB";"Deferido";"Concorrendo"
"JOSÉ DE JESUS";"ZÉ TIRIRICA";"Vereador";10222;"REPUBLICANOS";"REPUBLICANOS";"Deferido";"Concorrendo"
